product_url, image_url, item_name, item_price, average_rating (Max Score is 5), number_of_ratings 
https://www.amazon.sg/Maison-Grand-EspritLEtre-Magique-Provence/dp/B07DPSXHHW/ref=sr_1_5?keywords=food&qid=1651227710&sr=8-5,https://m.media-amazon.com/images/I/51NZ4ICOshL._AC_UL320_.jpg,Maison de Grand EspritL’Etre Magique Cotes de Provence 2016 French AOC Rose Goes well with Spicy Food Rose Wine| 750 ml,32.00,1.0 ,1
https://www.amazon.sg/Augason-Farms-Variety-Emergency-4-Gallon/dp/B00GDGGR4S/ref=sr_1_6?keywords=food&qid=1651227710&sr=8-6,https://m.media-amazon.com/images/I/81KvC0Ks0NL._AC_UL320_.jpg,Augason Farms Lunch and Dinner Variety Pail Emergency Food Supply 4-Gallon Pail,136.46,4.7 ,5'955
https://www.amazon.sg/Augason-Farms-Breakfast-Emergency-Supply/dp/B00K5Y6OJM/ref=sr_1_7?keywords=food&qid=1651227710&sr=8-7,https://m.media-amazon.com/images/I/8137Htr30wL._AC_UL320_.jpg,Augason Farms Breakfast Emergency Food Supply 11 lbs 1.8 oz 4 Gallon Pail,111.74,4.7 ,1'333
https://www.amazon.sg/Katadyn-NRG-5-Emergency-Food-Ration/dp/B099SD7LM3/ref=sr_1_8?keywords=food&qid=1651227710&sr=8-8,https://m.media-amazon.com/images/I/71RFc6enDnL._AC_UL320_.jpg,Katadyn NRG-5 Emergency Food Ration| tan,16.30,4.2 ,192
https://www.amazon.sg/Food-recipes-pegan-gluten-free-dairy-free-more/dp/0316453137/ref=sr_1_9?keywords=food&qid=1651227710&sr=8-9,https://m.media-amazon.com/images/I/917m+heMj5L._AC_UL320_.jpg,Food: What the Heck Should I Cook?: More than 100 delicious recipes--pegan| vegan| paleo| gluten-free| dairy-free| and more--for lifelong health,45.53,4.5 ,1'715
https://www.amazon.sg/Nutrition-Foodservice-Culinary-Professionals-Drummond/dp/1119777194/ref=sr_1_10?keywords=food&qid=1651227710&sr=8-10,https://m.media-amazon.com/images/I/51UYYNIavbL._AC_UL320_.jpg,Nutrition for Foodservice and Culinary Professionals,,,
https://www.amazon.sg/RSVP-International-Collection-Stainless-Steel/dp/B0000CFH1K/ref=sr_1_11?keywords=food&qid=1651227710&sr=8-11,https://m.media-amazon.com/images/I/71kZRJ1zf5S._AC_UL320_.jpg,RSVP International Hand Wash Food Mill Collection| Stainless Steel,81.44,4.4 ,476
https://www.amazon.sg/Ninja-Professional-Food-Processor-BN650/dp/B08VF6QWXK/ref=sr_1_12?keywords=food&qid=1651227710&sr=8-12,https://m.media-amazon.com/images/I/71AYluTQ-XL._AC_UL320_.jpg,Ninja Professional Food Processor| Grey| BN650,178.00,5.0 ,3
https://www.amazon.sg/Skip-Hop-Formula-Food-Containers/dp/B07XYM45ZQ/ref=sr_1_13?keywords=food&qid=1651227710&sr=8-13,https://m.media-amazon.com/images/I/61caXtpbqUL._AC_UL320_.jpg,Skip Hop Baby Fresh Feeding: Easy-Store 4 Oz. Containers,19.47,4.8 ,2'036
https://www.amazon.sg/INSTINCT-Limited-Ingredient-Diet-Lamb/dp/B06XDP6MNH/ref=sr_1_14?keywords=food&qid=1651227710&sr=8-14,https://m.media-amazon.com/images/I/619pqVv6nCL._AC_UL320_.jpg,INSTINCT Limited Ingredient Diet Lamb Dry Dog Food| 4 lb. Bag,50.11,4.7 ,1'295
https://www.amazon.sg/OXO-Baby-Food-Masher-Teal/dp/B079K196L4/ref=sr_1_15?keywords=food&qid=1651227710&sr=8-15,https://m.media-amazon.com/images/I/71ca5T7zVbL._AC_UL320_.jpg,OXO TOT Baby Food Masher| Teal|,22.41,4.7 ,1'107
https://www.amazon.sg/NutraGold-NGH2374-Turkey-Potato-2-25kg/dp/B0772ZLRR9/ref=sr_1_16?keywords=food&qid=1651227710&sr=8-16,https://m.media-amazon.com/images/I/815TMrP1z-L._AC_UL320_.jpg,NutraGold NGH2374 Grain Free Turkey & Sweet Potato Dog| 2.25kg,,,
https://www.amazon.sg/OXO-Mash-Maker-Baby-Food/dp/B079K2NRFW/ref=sr_1_17?keywords=food&qid=1651227710&sr=8-17,https://m.media-amazon.com/images/I/71hZ7bwmb2L._AC_UL320_.jpg,OXO Tot Mash Maker Baby Food Mill| Teal,47.25,4.2 ,344
https://www.amazon.sg/Sage-Spoonfuls-Squeezie-Reusable-Pouches/dp/B09B2SRZXB/ref=sr_1_18?keywords=food&qid=1651227710&sr=8-18,https://m.media-amazon.com/images/I/51iiKTEri-L._AC_UL320_.jpg,Sage Spoonfuls Squeezie Reusable Baby Food Pouches - 6-Pack 7-Ounce Capacity - Chevron - Leakproof| Easy-to-Fill| Freezer & Dishwasher Safe,25.49,4.3 ,51
https://www.amazon.sg/Philips-Avent-SCF883-02-HEALTHY/dp/B07WXKFDMY/ref=sr_1_19?keywords=food&qid=1651227710&sr=8-19,https://m.media-amazon.com/images/I/51WMDejPBpL._AC_UL320_.jpg,Philips Avent SCF883/02 4-IN-1 HEALTHY baby food maker,189.00,3.9 ,200
https://www.amazon.sg/Now-Foods-Whole-Brazil-Unsalted/dp/B000ZL1WQU/ref=sr_1_20?keywords=food&qid=1651227710&sr=8-20,https://m.media-amazon.com/images/I/71ti6i0YDCL._AC_UL320_.jpg,Now Foods Real Food| Whole| Raw Brazil Nuts| Unsalted| 340g,18.90,4.5 ,340
https://www.amazon.sg/Now-Foods-Pumpkin-Seeds-Unsalted/dp/B001395NZ4/ref=sr_1_25?keywords=food&qid=1651227710&sr=8-25,https://m.media-amazon.com/images/I/81gy80--ThL._AC_UL320_.jpg,Now Foods Raw Pumpkin Seeds| Unsalted| 454g,,,
https://www.amazon.sg/Now-Foods-Sprouted-Protein-Unflavored/dp/B00I054PPS/ref=sr_1_26?keywords=food&qid=1651227710&sr=8-26,https://m.media-amazon.com/images/I/71w8QBgijSL._AC_UL320_.jpg,Now Foods Sports| Sprouted Brown Rice Protein| Unflavored| 907g,40.41,3.9 ,252
https://www.amazon.sg/Now-Foods-Erythritol-Natural-Sweetener/dp/B007XA49BG/ref=sr_1_27?keywords=food&qid=1651227710&sr=8-27,https://m.media-amazon.com/images/I/71Yqc7eGHzL._AC_UL320_.jpg,Now Foods Erythritol Natural Sweetener| 1134g,29.90,4.6 ,3'888
https://www.amazon.sg/Now-Foods-Essential-Oils-Lemongrass/dp/B00RPGQPYW/ref=sr_1_28?keywords=food&qid=1651227710&sr=8-28,https://m.media-amazon.com/images/I/61OaTBIXuUL._AC_UL320_.jpg,Now Foods Essential Oils| Lemongrass| 4 fl oz (118 ml),25.90,4.7 ,2'092
https://www.amazon.sg/Now-Foods-Xanthan-Gum-170g/dp/B0014UH7J2/ref=sr_1_29?keywords=food&qid=1651227710&sr=8-29,https://m.media-amazon.com/images/I/71VWRfkRDNL._AC_UL320_.jpg,Now Foods Xanthan Gum| 170g,,,
https://www.amazon.sg/Now-Foods-Psyllium-Husk-Powder/dp/B002RWUNYM/ref=sr_1_30?keywords=food&qid=1651227710&sr=8-30,https://m.media-amazon.com/images/I/61-B2IkXGDL._AC_UL320_.jpg,Now Foods Psyllium Husk Powder| 680g,18.59,4.5 ,13'466
https://www.amazon.sg/Now-Foods-Xylitol-1134g/dp/B014FF6QF8/ref=sr_1_31?keywords=food&qid=1651227710&sr=8-31,https://m.media-amazon.com/images/I/61g0rA31AxL._AC_UL320_.jpg,Now Foods Xylitol| 1134g,30.90,5.0 ,1
https://www.amazon.sg/Taste-Wild-Pacific-Stream-Canine-Formula/dp/B019RIYLJQ/ref=sr_1_32?keywords=food&qid=1651227710&sr=8-32,https://m.media-amazon.com/images/I/61ylhdZgl4L._AC_UL320_.jpg,Taste of the Wild Pacific Stream Canine Formula with Smoked Salmon| 2kg,35.90,5.0 ,3
https://www.amazon.sg/Shermays-Singapore-Fine-Food-Keropok/dp/B08SLSNW65/ref=sr_1_33?keywords=food&qid=1651227710&sr=8-33,https://m.media-amazon.com/images/I/71FhCQRIbvL._AC_UL320_.jpg,Shermay's Singapore Fine Food Keropok Pumpkin Lentil 150g,12.00,5.0 ,3
https://www.amazon.sg/Stella-Chewys-Chicken-Perfectly-PPFD-CS-14/dp/B07CQVVLYG/ref=sr_1_34?keywords=food&qid=1651227710&sr=8-34,https://m.media-amazon.com/images/I/61ch0TXEhpL._AC_UL320_.jpg,Stella & Chewy's Chicken & Salmon Perfectly Puppy Freeze Dried Dinner Patties 14oz|PPFD-CS-14,52.00,4.6 ,8'422
https://www.amazon.sg/Cesar-Food-Chicken-Vegetables-100g/dp/B07P7LMJLC/ref=sr_1_35?keywords=food&qid=1651227710&sr=8-35,https://m.media-amazon.com/images/I/61ZFZQRvqnS._AC_UL320_.jpg,Cesar Dog Food Wet Food Chicken & Vegetables 100g (Pack of 24),34.80,5.0 ,4
https://www.amazon.sg/Food-Singapore-Malays-Gastronomic-Archipelago/dp/9814841927/ref=sr_1_36?keywords=food&qid=1651227710&sr=8-36,https://m.media-amazon.com/images/I/71bcl3mgPVS._AC_UL320_.jpg,The Food of Singapore Malays: Gastronomic Travels Through the Archipelago,,,
https://www.amazon.sg/Sheba-Food-Flaked-Gravy-Carton/dp/B00UY8036Y/ref=sr_1_37?keywords=food&qid=1651227710&sr=8-37,https://m.media-amazon.com/images/I/81yJyl9q9LL._AC_UL320_.jpg,Sheba Can Cat Food Wet Food Flaked Tuna In Gravy 85g (Carton of 24),,,
https://www.amazon.sg/Gastro-Obscura-Food-Adventurers-Guide/dp/1523502193/ref=sr_1_38?keywords=food&qid=1651227710&sr=8-38,https://m.media-amazon.com/images/I/91a8I2CEO+L._AC_UL320_.jpg,Gastro Obscura: A Food Adventurer's Guide,53.89,4.7 ,567
https://www.amazon.sg/Sheba-Succulent-Chicken-Breast-Carton/dp/B08P72TFK8/ref=sr_1_39?keywords=food&qid=1651227710&sr=8-39,https://m.media-amazon.com/images/I/81kfrMlvqcL._AC_UL320_.jpg,Sheba Can Cat Food Wet Food Succulent Chicken Breast 85g (Carton of 24),,,
https://www.amazon.sg/Korean-American-Food-That-Tastes/dp/0593233492/ref=sr_1_40?keywords=food&qid=1651227710&sr=8-40,https://m.media-amazon.com/images/I/A12zN12xxsL._AC_UL320_.jpg,Korean American: Food That Tastes Like Home,40.92,4.5 ,70
https://www.amazon.sg/2-5kg-Ziwi-Air-Dried-Stages-Venison/dp/B00EPPUJNE/ref=sr_1_41?keywords=food&qid=1651227710&sr=8-41,https://m.media-amazon.com/images/I/714-pkLVdqL._AC_UL320_.jpg,(2.5kg) Ziwi Peak Air-Dried Dog Food for All Life Stages (Venison),262.37,5.0 ,1
https://www.amazon.sg/Food-Network-Magazine-BESTSELLER-Recipes/dp/1950785300/ref=sr_1_42?keywords=food&qid=1651227710&sr=8-42,https://m.media-amazon.com/images/I/81-9aGHyuJL._AC_UL320_.jpg,Food Network Magazine: The Big| Fun Kids Baking Book - NEW YORK TIMES BESTSELLER: 110+ Recipes for Young Bakers: 2,35.08,4.7 ,343
https://www.amazon.sg/Sheba-Food-Fillet-Jelly-Carton/dp/B00UY803U0/ref=sr_1_43?keywords=food&qid=1651227710&sr=8-43,https://m.media-amazon.com/images/I/81PnMLwVVSL._AC_UL320_.jpg,Sheba Can Cat Food Wet Food Tuna Fillet in Jelly 85g (Carton of 24),,,
https://www.amazon.sg/Real-Food-Dietitians-Gluten-Free-Grain-Free/dp/1982178353/ref=sr_1_44?keywords=food&qid=1651227710&sr=8-44,https://m.media-amazon.com/images/I/712r8uuWw+L._AC_UL320_.jpg,The Real Food Dietitians: The Real Food Table: 100 Easy & Delicious Mostly Gluten-Free| Grain-Free| and Dairy-Free Recipes for Every Day: A Cookbook,45.24,4.7 ,86
https://www.amazon.sg/Pro-Plan-Salmon-Formula-Sensitive/dp/B083BV5YVX/ref=sr_1_45?keywords=food&qid=1651227710&sr=8-45,https://m.media-amazon.com/images/I/81mdsRJHKZL._AC_UL320_.jpg,Pro Plan Small and Mini Adult Dog Food Salmon Formula For Sensitive Skin And Coat| 2.5 kg,,,
https://www.amazon.sg/Women-Food-Hormones-Hormonal-Yourself/dp/0358345413/ref=sr_1_46?keywords=food&qid=1651227710&sr=8-46,https://m.media-amazon.com/images/I/61bw0zyg-EL._AC_UL320_.jpg,Women| Food| And Hormones: A 4-Week Plan to Achieve Hormonal Balance| Lose Weight| and Feel Like Yourself Again,35.18,4.1 ,370
https://www.amazon.sg/gp/video/ssoredirect/?ru=https%3A%2F%2Fapp.primevideo.com%2Fdetail%3Fgti%3Damzn1.dv.gti.c4b77d79-a475-1cb1-df12-33a745dbf7c3%26ref_%3Ddvm_src_ret_sg_xx_s&page-type-id=B08KCDKSCM&ref=sr_1_47&keywords=food&qid=1651227710&sr=8-47,https://m.media-amazon.com/images/I/91V+zGSyhdL._AC_UL320_.jpg,James May: Our Man In Japan - Season 1,,,
https://www.amazon.sg/Monocle-Book-Nordics-exploration-business/dp/0500971218/ref=sr_1_48?keywords=food&qid=1651227710&sr=8-48,https://m.media-amazon.com/images/I/51BaqU-7gVL._AC_UL320_.jpg,The Monocle Book of the Nordics: An exploration of design| business| food & fashion,,,
https://www.amazon.sg/Food-Lab-Cooking-Through-Science/dp/0393081087/ref=sr_1_49?keywords=food&qid=1651227710&sr=8-49,https://m.media-amazon.com/images/I/51SeYOCdoLL._AC_UL320_.jpg,The Food Lab: Better Home Cooking Through Science,57.82,4.9 ,7'010
https://www.amazon.sg/KidKraft-Childrens-Espresso-Coffee-Set/dp/B00W61JJSK/ref=sr_1_50?keywords=food&qid=1651227710&sr=8-50,https://m.media-amazon.com/images/I/71r4GyToJqL._AC_UL320_.jpg,KidKraft Children's Espresso Coffee Set - Role Play Toys for The Kitchen| Play Kitchen Accessories| Gift for Ages 3+,34.49,4.3 ,209
https://www.amazon.sg/Corelle-Coordinates-Reston-Lloyd-6-Piece/dp/B00DU4MKOC/ref=sr_1_51?keywords=food&qid=1651227710&sr=8-51,https://m.media-amazon.com/images/I/81qdKg0rzdL._AC_UL320_.jpg,Corelle Coordinates by Reston Lloyd 6-Piece Enamel on Steel Bowl/Storage Set| Happy Days,32.42,4.1 ,135
https://www.amazon.sg/Hape-E3103B-Gourmet-Kitchen-Accessories/dp/B006WZLCZ4/ref=sr_1_52?keywords=food&qid=1651227710&sr=8-52,https://m.media-amazon.com/images/I/81e6xUmIG8L._AC_UL320_.jpg,Hape E3103B Gourmet Play Kitchen Starter Accessories Wooden Play Set White,36.47,5.0 ,1
https://www.amazon.sg/Dressing-Container-Microwave-Dishwasher-WP-PDR-CH/dp/B07XYMVDKB/ref=sr_1_53?keywords=food&qid=1651227710&sr=8-53,https://m.media-amazon.com/images/I/311Hs0ed3PL._AC_UL320_.jpg,W&P Porter Dressing Container w/Lid |Charcoal 1.5 Ounces (Pack of 2) | Leak & Spill Proof| Salad Dressing| Salt| Toppings| Food Storage| Airtight| Microwave and Dishwasher Safe| BPA-Free| (WP-PDR-CH),27.38,4.7 ,298
https://www.amazon.sg/Inkbird-Bluetooth-Thermometer-Wireless-Barbecue/dp/B076QDC5VL/ref=sr_1_54?keywords=food&qid=1651227710&sr=8-54,https://m.media-amazon.com/images/I/414ZhXW62ZL._AC_UL320_.jpg,Inkbird Bluetooth Grill BBQ Meat Thermometer with 4 Probes Digital Wireless Grill Thermometer| Timer| Alarm|150 ft Barbecue Cooking Kitchen Food Meat Thermometer for Smoker| Oven| Drum,74.68,4.5 ,8'243
https://www.amazon.sg/gp/video/ssoredirect/?ru=https%3A%2F%2Fapp.primevideo.com%2Fdetail%3Fgti%3Damzn1.dv.gti.2e3edcaa-40ac-448f-8f17-9944a3ae5d4d%26ref_%3Ddvm_src_ret_sg_xx_s&page-type-id=B09GXDLX31&ref=sr_1_55&keywords=food&qid=1651227710&sr=8-55,https://m.media-amazon.com/images/I/91vqE+mU0SL._AC_UL320_.jpg,Dinner Club,,,
https://www.amazon.sg/Wellness-CORE-Natural-Turkey-4-Pound/dp/B00F8GXR38/ref=sr_1_56?keywords=food&qid=1651227710&sr=8-56,https://m.media-amazon.com/images/I/71JjPEAS9JL._AC_UL320_.jpg,Wellness CORE Natural Grain Free Dry Dog Food| Wild Game Duck| Turkey| Boar & Rabbit| 4-Pound Bag,37.22,4.6 ,188
https://www.amazon.sg/Hipp-Organic-Carrot-Potato-Salmon/dp/B07LBFDQ8G/ref=sr_1_53?keywords=food&qid=1651227712&sr=8-53,https://m.media-amazon.com/images/I/71jbNdcV0TS._AC_UL320_.jpg,Hipp Organic Carrot W Potato and Wild Salmon| 190g,,,
https://www.amazon.sg/Augason-Farms-Whole-Egg-Product/dp/B0096I5DJU/ref=sr_1_54?keywords=food&qid=1651227712&sr=8-54,https://m.media-amazon.com/images/I/81oMSfJ2uXL._AC_UL320_.jpg,Augason Farms Whole Egg Product 33 oz #10 Can,61.50,4.7 ,5'850
https://www.amazon.sg/Halo-36026-Holistic-Garden-Recipe/dp/B00BACFRD2/ref=sr_1_55?keywords=food&qid=1651227712&sr=8-55,https://m.media-amazon.com/images/I/71WiJKdp21L._AC_UL320_.jpg,Halo 36026 Adult Dog Holistic Garden of Vegan Recipe Dry Dog Food| 4lb,40.37,4.5 ,898
https://www.amazon.sg/Maison-Grand-Esprit-Miraculeuse-Bordeaux/dp/B07DPSD6KB/ref=sr_1_56?keywords=food&qid=1651227712&sr=8-56,https://m.media-amazon.com/images/I/319j7o+ZFgL._AC_UL320_.jpg,Maison de Grand Esprit | La Miraculeuse Bordeaux 2018 | Red Wine| 750ml,29.50,5.0 ,2
https://www.amazon.sg/Wellness-Indoor-Deboned-Chicken-Turkey/dp/B06XB33BLF/ref=sr_1_57?keywords=food&qid=1651227712&sr=8-57,https://m.media-amazon.com/images/I/81ryZYE0WFL._AC_UL320_.jpg,Wellness CORE Indoor Deboned Chicken| Turkey & Chicken Meals Dry Cat Food 5lb,49.90,4.5 ,824
https://www.amazon.sg/Cesar-Dog-Food-Lamb-100g/dp/B07PJDZMJV/ref=sr_1_58?keywords=food&qid=1651227712&sr=8-58,https://m.media-amazon.com/images/I/71OqMhAnmPL._AC_UL320_.jpg,Cesar Dog Food Wet Food Lamb 100g | (box of 24),,,
https://www.amazon.sg/Taste-Wild-TOW9058-Formula-Venison/dp/B0153VMYJA/ref=sr_1_59?keywords=food&qid=1651227712&sr=8-59,https://m.media-amazon.com/images/I/812jF0QNTaL._AC_UL320_.jpg,Taste of the Wild TOW9058 Pine Forest Canine Formula with Venison & Legumes| 2kg,34.90,4.7 ,1'008
https://www.amazon.sg/Wellness-CORE-Natural-Original-Chicken/dp/B001BOXBAA/ref=sr_1_60?keywords=food&qid=1651227712&sr=8-60,https://m.media-amazon.com/images/I/71nwFkaW7yL._AC_UL320_.jpg,Wellness CORE Natural Grain Free Dry Dog Food| Original Turkey & Chicken| 4-Pound Bag,37.70,4.6 ,2'734
https://www.amazon.sg/Sheba-Food-Tuna-Prawn-Jelly/dp/B00UY803IM/ref=sr_1_61?keywords=food&qid=1651227712&sr=8-61,https://m.media-amazon.com/images/I/61KriG+WSuL._AC_UL320_.jpg,Sheba Can Cat Food Wet Food Tuna with Prawn in Jelly 85g (Pack of 24),33.60,4.0 ,1
https://www.amazon.sg/Diamond-DCA9240-Sensitive-Formula-3-6kg/dp/B01MA65MA8/ref=sr_1_62?keywords=food&qid=1651227712&sr=8-62,https://m.media-amazon.com/images/I/61JNLWh7prL._AC_UL320_.jpg,Diamond Care DCA9240 Sensitive Skin Formula| 3.6kg,50.90,4.4 ,157
https://www.amazon.sg/INSTINCT-Original-Grain-Free-Recipe-Salmon/dp/B06XDR7NVX/ref=sr_1_63?keywords=food&qid=1651227712&sr=8-63,https://m.media-amazon.com/images/I/61SPt8U-6RL._AC_UL320_.jpg,INSTINCT Original Grain-Free Recipe with Real Salmon Dry Cat Food| 4.5lb,51.20,4.7 ,3'141
https://www.amazon.sg/Taste-Wild-TOW2596-Wetlands-Formula/dp/B019RIYKPQ/ref=sr_1_64?keywords=food&qid=1651227712&sr=8-64,https://m.media-amazon.com/images/I/51Vzc3yrYSL._AC_UL320_.jpg,Taste of the Wild TOW2596 Wetlands Canine Formula with Roasted Fowl| 2kg,32.07,4.6 ,152
https://www.amazon.sg/PURINA-ONE-Indoor-Advantage-Turkey/dp/B0018CLOY0/ref=sr_1_65?keywords=food&qid=1651227712&sr=8-65,https://m.media-amazon.com/images/I/71QQUBpxXIS._AC_UL320_.jpg,PURINA ONE Indoor Advantage Dry Cat Food| Turkey| 1.59kg,18.90,4.8 ,4'339
https://www.amazon.sg/Wellness-Natural-Original-Chicken-8839/dp/B06XB394B3/ref=sr_1_66?keywords=food&qid=1651227712&sr=8-66,https://m.media-amazon.com/images/I/81XhP9ng2oL._AC_UL320_.jpg,Wellness Core Natural Grain Free Dry Cat Food| Original Turkey & Chicken Recipe| 5-Pound Bag|8839,49.90,4.5 ,494
https://www.amazon.sg/NutraGold-NGH2377-WhiteFish-Potato-2-25kg/dp/B07732VS3J/ref=sr_1_67?keywords=food&qid=1651227712&sr=8-67,https://m.media-amazon.com/images/I/71cDUiE5J5L._AC_UL320_.jpg,NutraGold NGH2377 Grain Free WhiteFish & Sweet Potato Dog| 2.25kg,24.95,5.0 ,2
https://www.amazon.sg/Hills-Science-Puppy-Small-Bites/dp/B08DS8NVVX/ref=sr_1_68?keywords=food&qid=1651227712&sr=8-68,https://m.media-amazon.com/images/I/41hrZY5a5NS._AC_UL320_.jpg,Hill's Science Diet Puppy Small Bites Dry Dog Food| 12kg,171.00,3.0 ,1
https://www.amazon.sg/Wellness-CORE-Natural-Chicken-4-Pound/dp/B008J7G1QI/ref=sr_1_73?keywords=food&qid=1651227712&sr=8-73,https://m.media-amazon.com/images/I/71cJ7rV02fL._AC_UL320_.jpg,Wellness CORE Natural Dry Grain Free Small Breed Dog Food| Turkey & Chicken| 4-Pound Bag,39.35,4.6 ,1'722
https://www.amazon.sg/Lanka-Food-Serendipity-Tama-Carey/dp/1743797257/ref=sr_1_74?keywords=food&qid=1651227712&sr=8-74,https://m.media-amazon.com/images/I/91QNvRJvcqL._AC_UL320_.jpg,Lanka Food: Serendipity & Spice,47.08,5.0 ,1
https://www.amazon.sg/Real-Food-Pregnancy-Prenatal-Nutrition/dp/0986295043/ref=sr_1_75?keywords=food&qid=1651227712&sr=8-75,https://m.media-amazon.com/images/I/81IZ5KU3FoL._AC_UL320_.jpg,Real Food for Pregnancy: The Science and Wisdom of Optimal Prenatal Nutrition,38.67,4.7 ,1'828
https://www.amazon.sg/Street-Food-Guide-Utopia/dp/B09QP3MD9D/ref=sr_1_76?keywords=food&qid=1651227712&sr=8-76,https://m.media-amazon.com/images/I/71NiB8GHrvL._AC_UL320_.jpg,The Street Food Guide of Utopia,,,
https://www.amazon.sg/Microencapsulation-Food-Industry-Practical-Implementation/dp/0128216832/ref=sr_1_77?keywords=food&qid=1651227712&sr=8-77,https://m.media-amazon.com/images/I/419eElRQLdL._AC_UL320_.jpg,Microencapsulation in the Food Industry: A Practical Implementation Guide,,,
https://www.amazon.sg/Taste-My-Life-Through-Food/dp/1982168013/ref=sr_1_78?keywords=food&qid=1651227712&sr=8-78,https://m.media-amazon.com/images/I/71xPLm2FenL._AC_UL320_.jpg,Taste: My Life Through Food,27.42,4.8 ,2'117
https://www.amazon.sg/Picture-Perfect-Food-Photography-Bite-Sized/dp/1645672557/ref=sr_1_79?keywords=food&qid=1651227712&sr=8-79,https://m.media-amazon.com/images/I/A1QhrrgU6-L._AC_UL320_.jpg,Picture Perfect Food: Master the Art of Food Photography with 52 Bite-Sized Tutorials,24.37,4.8 ,145
https://www.amazon.sg/Singapore-Cooking-Fabulous-Recipes-Capital/dp/0804854505/ref=sr_1_80?keywords=food&qid=1651227712&sr=8-80,https://m.media-amazon.com/images/I/91CZg6HvnPL._AC_UL320_.jpg,Singapore Cooking: Fabulous Recipes from Asia's Food Capital,23.79,4.7 ,27
https://www.amazon.sg/Feast-Your-Eyes-Food-Encyclopedia/dp/1419752863/ref=sr_1_81?keywords=food&qid=1651227712&sr=8-81,https://m.media-amazon.com/images/I/71N0jnlkt8L._AC_UL320_.jpg,Feast Your Eyes on Food: An Encyclopedia of More Than 1|000 Delicious Things to Eat,43.09,4.2 ,13
https://www.amazon.sg/Vietnamese-Food-Any-Day-Recipes/dp/0399580352/ref=sr_1_82?keywords=food&qid=1651227712&sr=8-82,https://m.media-amazon.com/images/I/A1YOcT33-KL._AC_UL320_.jpg,Vietnamese Food Any Day: Simple Recipes for True| Fresh Flavors,30.73,4.6 ,739
https://www.amazon.sg/How-Draw-Anything-Anytime-illustrations/dp/0804853800/ref=sr_1_83?keywords=food&qid=1651227712&sr=8-83,https://m.media-amazon.com/images/I/91hR+-hPwDL._AC_UL320_.jpg,How to Draw Anything Anytime: A Beginner's Guide to Cute and Easy Doodles (over 1|000 illustrations),18.75,4.7 ,12
https://www.amazon.sg/Simple-Thai-Food-Classic-Cookbook/dp/1607745232/ref=sr_1_84?keywords=food&qid=1651227712&sr=8-84,https://m.media-amazon.com/images/I/A1B61ZYEP5L._AC_UL320_.jpg,Simple Thai Food: Classic Recipes from the Thai Home Kitchen [A Cookbook],30.15,4.6 ,705
https://www.amazon.sg/Food-Cooking/dp/0684800012/ref=sr_1_85?keywords=food&qid=1651227712&sr=8-85,https://m.media-amazon.com/images/I/81go00uT6bL._AC_UL320_.jpg,On Food and Cooking: On Food and Cooking,50.58,4.8 ,1'662
https://www.amazon.sg/Genius-Foods-Smarter-Productive-Protecting/dp/0062562851/ref=sr_1_86?keywords=food&qid=1651227712&sr=8-86,https://m.media-amazon.com/images/I/81RwfBqtMTL._AC_UL320_.jpg,Genius Foods: Become Smarter| Happier| and More Productive While Protecting Your Brain for Life: 1,34.60,4.7 ,1'669
https://www.amazon.sg/Heinz-Mum-Tuna-Pasta-Mornay/dp/B06Y2CMJVP/ref=sr_1_87?keywords=food&qid=1651227712&sr=8-87,https://m.media-amazon.com/images/I/81dduHJhCdL._AC_UL320_.jpg,Heinz Mum Tuna Pasta Mornay,3.30,4.4 ,13
https://www.amazon.sg/Stella-Chewys-Solutions-Wild-Caught-SOL-FDLSSC-13/dp/B07SN5W528/ref=sr_1_88?keywords=food&qid=1651227712&sr=8-88,https://m.media-amazon.com/images/I/81SHYUuc0HL._AC_UL320_.jpg,Stella & Chewy's Solutions Skin & Coat Boost Grass-Fed Lamb & Wild-Caught Salmon Dog Food 13oz|Lamb & Salmon|SOL-FDLSSC-13|13-Ounce,56.00,4.7 ,1'127
https://www.amazon.sg/Heinz-Pumpkin-Potato-Beef-months/dp/B06Y1YRYS3/ref=sr_1_89?keywords=food&qid=1651227712&sr=8-89,https://m.media-amazon.com/images/I/815ElY4mtLS._AC_UL320_.jpg,Heinz Pumpkin| Potato| and Beef| 6+ months| 110 g,2.40,4.8 ,11
https://www.amazon.sg/Platinum-Pets-Water-Heavy-Duty-Feeding/dp/B005HJS8JY/ref=sr_1_90?keywords=food&qid=1651227712&sr=8-90,https://m.media-amazon.com/images/I/71F7OlsrGyL._AC_UL320_.jpg,Platinum Pets Food & Water Heavy-Duty Feeding Mat| Black,20.36,4.1 ,134
https://www.amazon.sg/Shermays-Singapore-Fine-Food-Cilicuka/dp/B07CMGCYFZ/ref=sr_1_91?keywords=food&qid=1651227712&sr=8-91,https://m.media-amazon.com/images/I/71Tfwl2b5tL._AC_UL320_.jpg,Shermay's Singapore Fine Food Cilicuka Very Hot| 240ml,11.00,5.0 ,3
https://www.amazon.sg/gp/video/ssoredirect/?ru=https%3A%2F%2Fapp.primevideo.com%2Fdetail%3Fgti%3Damzn1.dv.gti.1eb9a21e-8ccf-0dd3-6065-94bec50e6a30%26ref_%3Ddvm_src_ret_sg_xx_s&page-type-id=B08W457QTN&ref=sr_1_92&keywords=food&qid=1651227712&sr=8-92,https://m.media-amazon.com/images/I/711vecA76OL._AC_UL320_.jpg,De la vida al plato - Season 1,,,
https://www.amazon.sg/Pacific-Foods-Organic-Original-946ml/dp/B000R7829M/ref=sr_1_93?keywords=food&qid=1651227712&sr=8-93,https://m.media-amazon.com/images/I/61EIXiu-GEL._AC_UL320_.jpg,Pacific Foods Organic Oat Original| 946ml,6.90,4.4 ,280
https://www.amazon.sg/Now-Foods-Essential-Oils-Frankincense/dp/B0014UEQQY/ref=sr_1_94?keywords=food&qid=1651227712&sr=8-94,https://m.media-amazon.com/images/I/619dwuMZhTL._AC_UL320_.jpg,Now Foods Essential Oils| Frankincense| 30ml,15.90,4.6 ,16'206
https://www.amazon.sg/Now-Foods-Essential-Peppermint-milliliters/dp/B000ELVHIE/ref=sr_1_95?keywords=food&qid=1651227712&sr=8-95,https://m.media-amazon.com/images/I/51GA6nG3K6L._AC_UL320_.jpg,Now Foods Essential Oils| Peppermint| 118 milliliters,19.28,4.7 ,2'978
https://www.amazon.sg/Now-Foods-733739075413-Clove-4-Ounce/dp/B0019LRY44/ref=sr_1_96?keywords=food&qid=1651227712&sr=8-96,https://m.media-amazon.com/images/I/61R1OUecRTL._AC_UL320_.jpg,NOW Clove Oil| 4-Ounce,,,
https://www.amazon.sg/Now-Foods-Relaxing-Essential-Milliliters/dp/B0159BINU8/ref=sr_1_97?keywords=food&qid=1651227712&sr=8-97,https://m.media-amazon.com/images/I/71NSql+4w3L._AC_UL320_.jpg,Now Foods Let There Be Peace and Quiet Relaxing Essential Oils Kit Bottles| 40 Milliliters| (Pack of 4),29.18,4.6 ,581
https://www.amazon.sg/Now-Foods-Essential-Oils-Rosemary/dp/B0014UEEXY/ref=sr_1_98?keywords=food&qid=1651227712&sr=8-98,https://m.media-amazon.com/images/I/611jvnxoDHL._AC_UL320_.jpg,Now Foods Essential Oils| Rosemary| 4 fl oz (118 ml),32.90,4.6 ,1'329
https://www.amazon.sg/Stanley-Classic-Vacuum-Hammertone-Green/dp/B000FZX944/ref=sr_1_99?keywords=food&qid=1651227712&sr=8-99,https://m.media-amazon.com/images/I/71eY5FT+cML._AC_UL320_.jpg,Stanley Classic Vacuum Food Jar 24oz Hammertone Green,47.22,4.8 ,6'363
https://www.amazon.sg/Melissa-Doug-Felt-Food-Sandwich/dp/B004C7S70W/ref=sr_1_100?keywords=food&qid=1651227712&sr=8-100,https://m.media-amazon.com/images/I/81nFZfYz2tL._AC_UL320_.jpg,Melissa & Doug Felt Food Sandwich Play Food Set (33 pcs),32.23,4.8 ,4'225
https://www.amazon.sg/Melissa-Doug-Food-Combine-Dinners/dp/B01B1UPVM4/ref=sr_1_101?keywords=food&qid=1651227712&sr=8-101,https://m.media-amazon.com/images/I/813q1aE0ehL._AC_UL320_.jpg,Melissa & Doug Food Fun Combine & Dine Dinners Toy| Blue,40.33,4.9 ,1'402
https://www.amazon.sg/OXO-7100200-Airtight-Storage-Container/dp/B0084B2ETW/ref=sr_1_102?keywords=food&qid=1651227712&sr=8-102,https://m.media-amazon.com/images/I/71R6cdi+o4L._AC_UL320_.jpg,OXO 7100200 Airtight Pet Food Storage POP Container|White|5.8 Quart,62.18,4.6 ,1'230
https://www.amazon.sg/Barbie-GMW07-Fresh-Truck-Playset/dp/B08442QBX2/ref=sr_1_103?keywords=food&qid=1651227712&sr=8-103,https://m.media-amazon.com/images/I/71H2RfRX7CL._AC_UL320_.jpg,Barbie GMW07 Fresh N Fun Food Truck Playset,95.31,4.7 ,3'969
https://www.amazon.sg/Learning-Resources-Sprouts-Complete-Play/dp/B00Y90JGGG/ref=sr_1_104?keywords=food&qid=1651227712&sr=8-104,https://m.media-amazon.com/images/I/81KrunYAeRL._AC_UL320_.jpg,Learning Resources New Sprouts Complete Play Food Set,77.28,4.9 ,852
https://www.amazon.sg/Aatas-Cat-Tantalizing-Chicken-Carton/dp/B08PBYLQFJ/ref=sr_1_101?keywords=food&qid=1651227713&sr=8-101,https://m.media-amazon.com/images/I/61WspnSQOfL._AC_UL320_.jpg,Aatas Cat Tantalizing Tuna & Chicken in Aspic 80g (Carton of 24),,,
https://www.amazon.sg/Sheba-Food-Tuna-Salmon-Gravy/dp/B08P73DZJN/ref=sr_1_102?keywords=food&qid=1651227713&sr=8-102,https://m.media-amazon.com/images/I/61QKd4QIvFL._AC_UL320_.jpg,Sheba Can Cat Food Wet Food Tuna and Salmon in Gravy 85g (Pack of 24),,,
https://www.amazon.sg/PURINA-Friskies-Party-Treats-Beachside/dp/B006J18AII/ref=sr_1_103_f3_0o_fs?keywords=food&qid=1651227713&sr=8-103,https://m.media-amazon.com/images/I/91BXNpnSI2L._AC_UL320_.jpg,PURINA Friskies Party Mix Cat Treats| Beachside| 60g,3.90,4.7 ,354
https://www.amazon.sg/14g-Sticks-Ciao-Festival-Tuna/dp/B08CZZFQXX/ref=sr_1_104?keywords=food&qid=1651227713&sr=8-104,https://m.media-amazon.com/images/I/51jjJeNE0fL._AC_UL320_.jpg,(14g x 50 Sticks) Ciao Chu Ru Mix Festival Tub 50 Sticks (Tuna Mix),,,
https://www.amazon.sg/Feline-Natural-Canned-Chicken-Feast/dp/B01M0M4R1C/ref=sr_1_105?keywords=food&qid=1651227713&sr=8-105,https://m.media-amazon.com/images/I/61gkY0fLXUL._AC_UL320_.jpg,Feline Natural Canned Chicken & Lamb Feast Cat Food| 85g,,,
https://www.amazon.sg/Halo-37026-Holistic-Garden-Recipe/dp/B01JGCDJ4G/ref=sr_1_106?keywords=food&qid=1651227713&sr=8-106,https://m.media-amazon.com/images/I/71BSyEDuDPL._AC_UL320_.jpg,Halo 37026 Adult Dog Holistic Garden of Vegan Recipe Dry Dog Food| 10lb,88.81,4.7 ,333
https://www.amazon.sg/Oxbow-Garden-Select-Adult-Guinea/dp/B06XY8C2Z2/ref=sr_1_107?keywords=food&qid=1651227713&sr=8-107,https://m.media-amazon.com/images/I/81yDfMaNmZL._AC_UL320_.jpg,(4lb) Oxbow Garden Select Adult Guinea Pig Food,20.64,4.8 ,222
https://www.amazon.sg/Fancy-Feast-12277053-1-Inspiration-Courgette/dp/B093P8PLZR/ref=sr_1_108?keywords=food&qid=1651227713&sr=8-108,https://m.media-amazon.com/images/I/618yhu9XbXL._AC_UL320_.jpg,Fancy Feast 12277053-1 Inspiration Beef| Courgette & Tomato Cat Wet Food Can| 70g (Carton of 24),,,
https://www.amazon.sg/Wellness-Kitten-Deboned-Turkey-Chicken/dp/B008J7G8TI/ref=sr_1_109?keywords=food&qid=1651227713&sr=8-109,https://m.media-amazon.com/images/I/81N6tqRmnqL._AC_UL320_.jpg,Wellness CORE Kitten Deboned Turkey| Turkey Meal & Deboned Chicken Dry Cat Food 2lb,24.00,4.5 ,516
https://www.amazon.sg/Tetra-ReptoMin-Turtle-Food-55g/dp/B015J8MY1U/ref=sr_1_110?keywords=food&qid=1651227713&sr=8-110,https://m.media-amazon.com/images/I/917RLttNC4L._AC_UL320_.jpg,Tetra ReptoMin Turtle Food| 55g,7.55,4.2 ,124
https://www.amazon.sg/Fancy-Feast-11056674-1-Classic-Savory/dp/B002Z9JK0U/ref=sr_1_111?keywords=food&qid=1651227713&sr=8-111,https://m.media-amazon.com/images/I/61QE0ggBIUL._AC_UL320_.jpg,Fancy Feast 11056674-1 Classic Savory Salmon Feast Cat Wet Food Can| 85g (Carton of 24),26.40,5.0 ,1
https://www.amazon.sg/Oxbow-Fortified-Essentials-Hamster-Gerbil/dp/B0053SYJVA/ref=sr_1_112?keywords=food&qid=1651227713&sr=8-112,https://m.media-amazon.com/images/I/81TSg6cPW4L._AC_UL320_.jpg,(1lb) Oxbow Fortified Essentials Hamster & Gerbil Food,10.90,4.7 ,2'354
https://www.amazon.sg/PURINA-FANCY-FEAST-Classic-SeaFood/dp/B000RYDO34/ref=sr_1_113?keywords=food&qid=1651227713&sr=8-113,https://m.media-amazon.com/images/I/71m2Vn7NN-L._AC_UL320_.jpg,PURINA FANCY FEAST Classic SeaFood| Cat Food| 85g,1.10,4.5 ,27
https://www.amazon.sg/Skip-Hop-Formula-Food-Containers/dp/B07XYM45ZQ/ref=sr_1_114?keywords=food&qid=1651227713&sr=8-114,https://m.media-amazon.com/images/I/61caXtpbqUL._AC_UL320_.jpg,Skip Hop Baby Fresh Feeding: Easy-Store 4 Oz. Containers,19.47,4.8 ,2'036
https://www.amazon.sg/Lanka-Food-Serendipity-Tama-Carey/dp/1743797257/ref=sr_1_115?keywords=food&qid=1651227713&sr=8-115,https://m.media-amazon.com/images/I/91QNvRJvcqL._AC_UL320_.jpg,Lanka Food: Serendipity & Spice,47.08,5.0 ,1
https://www.amazon.sg/Real-Food-Pregnancy-Prenatal-Nutrition/dp/0986295043/ref=sr_1_116?keywords=food&qid=1651227713&sr=8-116,https://m.media-amazon.com/images/I/81IZ5KU3FoL._AC_UL320_.jpg,Real Food for Pregnancy: The Science and Wisdom of Optimal Prenatal Nutrition,38.67,4.7 ,1'828
https://www.amazon.sg/Street-Food-Guide-Utopia/dp/B09QP3MD9D/ref=sr_1_121?keywords=food&qid=1651227713&sr=8-121,https://m.media-amazon.com/images/I/71NiB8GHrvL._AC_UL320_.jpg,The Street Food Guide of Utopia,,,
https://www.amazon.sg/Microencapsulation-Food-Industry-Practical-Implementation/dp/0128216832/ref=sr_1_122?keywords=food&qid=1651227713&sr=8-122,https://m.media-amazon.com/images/I/419eElRQLdL._AC_UL320_.jpg,Microencapsulation in the Food Industry: A Practical Implementation Guide,,,
https://www.amazon.sg/Taste-My-Life-Through-Food/dp/1982168013/ref=sr_1_123?keywords=food&qid=1651227713&sr=8-123,https://m.media-amazon.com/images/I/71xPLm2FenL._AC_UL320_.jpg,Taste: My Life Through Food,27.42,4.8 ,2'117
https://www.amazon.sg/Picture-Perfect-Food-Photography-Bite-Sized/dp/1645672557/ref=sr_1_124?keywords=food&qid=1651227713&sr=8-124,https://m.media-amazon.com/images/I/A1QhrrgU6-L._AC_UL320_.jpg,Picture Perfect Food: Master the Art of Food Photography with 52 Bite-Sized Tutorials,24.37,4.8 ,145
https://www.amazon.sg/Singapore-Cooking-Fabulous-Recipes-Capital/dp/0804854505/ref=sr_1_125?keywords=food&qid=1651227713&sr=8-125,https://m.media-amazon.com/images/I/91CZg6HvnPL._AC_UL320_.jpg,Singapore Cooking: Fabulous Recipes from Asia's Food Capital,23.79,4.7 ,27
https://www.amazon.sg/Feast-Your-Eyes-Food-Encyclopedia/dp/1419752863/ref=sr_1_126?keywords=food&qid=1651227713&sr=8-126,https://m.media-amazon.com/images/I/71N0jnlkt8L._AC_UL320_.jpg,Feast Your Eyes on Food: An Encyclopedia of More Than 1|000 Delicious Things to Eat,43.09,4.2 ,13
https://www.amazon.sg/Vietnamese-Food-Any-Day-Recipes/dp/0399580352/ref=sr_1_127?keywords=food&qid=1651227713&sr=8-127,https://m.media-amazon.com/images/I/A1YOcT33-KL._AC_UL320_.jpg,Vietnamese Food Any Day: Simple Recipes for True| Fresh Flavors,30.73,4.6 ,739
https://www.amazon.sg/How-Draw-Anything-Anytime-illustrations/dp/0804853800/ref=sr_1_128?keywords=food&qid=1651227713&sr=8-128,https://m.media-amazon.com/images/I/91hR+-hPwDL._AC_UL320_.jpg,How to Draw Anything Anytime: A Beginner's Guide to Cute and Easy Doodles (over 1|000 illustrations),18.75,4.7 ,12
https://www.amazon.sg/Simple-Thai-Food-Classic-Cookbook/dp/1607745232/ref=sr_1_129?keywords=food&qid=1651227713&sr=8-129,https://m.media-amazon.com/images/I/A1B61ZYEP5L._AC_UL320_.jpg,Simple Thai Food: Classic Recipes from the Thai Home Kitchen [A Cookbook],30.15,4.6 ,705
https://www.amazon.sg/Food-Cooking/dp/0684800012/ref=sr_1_130?keywords=food&qid=1651227713&sr=8-130,https://m.media-amazon.com/images/I/81go00uT6bL._AC_UL320_.jpg,On Food and Cooking: On Food and Cooking,50.58,4.8 ,1'662
https://www.amazon.sg/Genius-Foods-Smarter-Productive-Protecting/dp/0062562851/ref=sr_1_131?keywords=food&qid=1651227713&sr=8-131,https://m.media-amazon.com/images/I/81RwfBqtMTL._AC_UL320_.jpg,Genius Foods: Become Smarter| Happier| and More Productive While Protecting Your Brain for Life: 1,34.60,4.7 ,1'669
https://www.amazon.sg/Heinz-Mum-Tuna-Pasta-Mornay/dp/B06Y2CMJVP/ref=sr_1_132?keywords=food&qid=1651227713&sr=8-132,https://m.media-amazon.com/images/I/81dduHJhCdL._AC_UL320_.jpg,Heinz Mum Tuna Pasta Mornay,3.30,4.4 ,13
https://www.amazon.sg/Heinz-Pumpkin-Potato-Beef-months/dp/B06Y1YRYS3/ref=sr_1_133?keywords=food&qid=1651227713&sr=8-133,https://m.media-amazon.com/images/I/815ElY4mtLS._AC_UL320_.jpg,Heinz Pumpkin| Potato| and Beef| 6+ months| 110 g,2.40,4.8 ,11
https://www.amazon.sg/Shermays-Singapore-Fine-Food-Cilicuka/dp/B07CMGCYFZ/ref=sr_1_134?keywords=food&qid=1651227713&sr=8-134,https://m.media-amazon.com/images/I/71Tfwl2b5tL._AC_UL320_.jpg,Shermay's Singapore Fine Food Cilicuka Very Hot| 240ml,11.00,5.0 ,3
https://www.amazon.sg/Pacific-Foods-Organic-Original-946ml/dp/B000R7829M/ref=sr_1_135?keywords=food&qid=1651227713&sr=8-135,https://m.media-amazon.com/images/I/61EIXiu-GEL._AC_UL320_.jpg,Pacific Foods Organic Oat Original| 946ml,6.90,4.4 ,280
https://www.amazon.sg/Katadyn-NRG-5-Emergency-Food-Ration/dp/B099SD7LM3/ref=sr_1_136?keywords=food&qid=1651227713&sr=8-136,https://m.media-amazon.com/images/I/71RFc6enDnL._AC_UL320_.jpg,Katadyn NRG-5 Emergency Food Ration| tan,16.30,4.2 ,192
https://www.amazon.sg/Ocean-Free-FF1109-Monster-Carnivore/dp/B08DV8XLLQ/ref=sr_1_137?keywords=food&qid=1651227713&sr=8-137,https://m.media-amazon.com/images/I/61cZ7FH6PYL._AC_UL320_.jpg,Ocean Free FF1109 SA-G1 Pro Monster Fishes Carnivore Large Sinking Sticks Fish Food| Large| 500g,,,
https://www.amazon.sg/Hills-Science-Kitten-Healthy-Development/dp/B001VJ3GEQ/ref=sr_1_138?keywords=food&qid=1651227713&sr=8-138,https://m.media-amazon.com/images/I/71aprBgdzbL._AC_UL320_.jpg,Hill’s Science Diet Kitten Healthy Development Dry Food| 1.5kg,,,
https://www.amazon.sg/Aatas-Cat-Tantalizing-Okaka-Carton/dp/B08PBZXW8N/ref=sr_1_139?keywords=food&qid=1651227713&sr=8-139,https://m.media-amazon.com/images/I/81HaIfC-V8L._AC_UL320_.jpg,Aatas Cat Tantalizing Tuna & Okaka in Aspic 80g (Carton of 24),,,
https://www.amazon.sg/PURINA-Friskies-Indoor-Food-1-1Kg/dp/B06XYKJXWF/ref=sr_1_140?keywords=food&qid=1651227713&sr=8-140,https://m.media-amazon.com/images/I/91oCFUa0EAL._AC_UL320_.jpg,PURINA Friskies Indoor Cat Food| 1.1Kg,6.50,5.0 ,1
https://www.amazon.sg/Whiskas-Pouch-Food-Junior-Carton/dp/B07PJCX78R/ref=sr_1_141?keywords=food&qid=1651227713&sr=8-141,https://m.media-amazon.com/images/I/61E7JThp29L._AC_UL320_.jpg,Whiskas Pouch Cat Food Wet Food Junior Tuna 85g (Carton of 24),19.20,5.0 ,1
https://www.amazon.sg/Pedigree-Beef-Vegetable-3-kilogs/dp/B071RYCF1C/ref=sr_1_142?keywords=food&qid=1651227713&sr=8-142,https://m.media-amazon.com/images/I/41adx3oUs-L._AC_UL320_.jpg,Pedigree Beef and Vegetable| 3 kilogs,,,
https://www.amazon.sg/Burgess-Excel-Nuggets-Rabbit-Oregano/dp/B003TL45A8/ref=sr_1_143?keywords=food&qid=1651227713&sr=8-143,https://m.media-amazon.com/images/I/91TsOir8TgL._AC_UL320_.jpg,(1.5/2kg) Burgess Excel Tasty Nuggets for Adult Rabbit (Oregano),16.43,4.8 ,1'200
https://www.amazon.sg/Nutripe-Pure-Food-Green-Tripe/dp/B07FF5BJRN/ref=sr_1_144?keywords=food&qid=1651227713&sr=8-144,https://m.media-amazon.com/images/I/81Kmnb2K2pL._AC_UL320_.jpg,Nutripe Pure Wet Dog Food| Beef & Green Tripe| 390g,,,
https://www.amazon.sg/Tetra-TetraPro-Colour-Premium-Tropical/dp/B003ZGBDV6/ref=sr_1_145?keywords=food&qid=1651227713&sr=8-145,https://m.media-amazon.com/images/I/81Hxmvvf-RL._AC_UL320_.jpg,Tetra TetraPro Colour Premium Fish Food for All Tropical Fish| 55g,11.88,4.7 ,394
https://www.amazon.sg/Sheba-Food-Snapper-Gravy-Carton/dp/B08P72Q9MJ/ref=sr_1_146?keywords=food&qid=1651227713&sr=8-146,https://m.media-amazon.com/images/I/61f3y1LftAL._AC_UL320_.jpg,Sheba Can Cat Food Wet Food Tuna & Snapper in Gravy 85g (Carton of 24),,,
https://www.amazon.sg/Hills-Science-Canine-Adult-1-8kg/dp/B0006345MK/ref=sr_1_147?keywords=food&qid=1651227713&sr=8-147,https://m.media-amazon.com/images/I/71dMgWytJ-L._AC_UL320_.jpg,Hill's Science Diet Canine Adult Oral Care Dry Dog Food| 1.8kg,35.55,4.5 ,2'071
https://www.amazon.sg/Burgess-Excel-Tasty-Nuggets-Rabbit/dp/B0006PWWBY/ref=sr_1_148?keywords=food&qid=1651227713&sr=8-148,https://m.media-amazon.com/images/I/51uMFSaCFLL._AC_UL320_.jpg,(1.5/2kg) Burgess Excel Tasty Nuggets for Adult Rabbit (Mint),,,
https://www.amazon.sg/Ocean-Free-FF790-Spirulina-Germ-Growth/dp/B08DVB1MBZ/ref=sr_1_149?keywords=food&qid=1651227713&sr=8-149,https://m.media-amazon.com/images/I/816Gr6axpZL._AC_UL320_.jpg,Ocean Free FF790 XO Koi Spirulina & Wheat Germ-Growth Fish Food| Medium| 5kg,,,
https://www.amazon.sg/Raw-Rawr-Freeze-Salmon-Balanced/dp/B08VK92KZ8/ref=sr_1_150?keywords=food&qid=1651227713&sr=8-150,https://m.media-amazon.com/images/I/51EpkJxt9NL._AC_UL320_.jpg,Raw Rawr Freeze Dried Salmon & Lamb Balanced Diet Dog Food| 100g,,,
https://www.amazon.sg/Fancy-Feast-12276943-1-Inspiration-Chicken/dp/B093PDJQ94/ref=sr_1_151?keywords=food&qid=1651227713&sr=8-151,https://m.media-amazon.com/images/I/61scgGkYuiL._AC_UL320_.jpg,Fancy Feast 12276943-1 Inspiration Chicken| Pasta Pearls & Spinach Cat Wet Food Can| 70g (Carton of 24),,,
https://www.amazon.sg/Whiskas-Food-Ocean-Fish-kilogs/dp/B00LHUMDMU/ref=sr_1_152?keywords=food&qid=1651227713&sr=8-152,https://m.media-amazon.com/images/I/61QZm4ZSOqL._AC_UL320_.jpg,Whiskas Cat Food| Ocean Fish| 1.2 kilogs,6.35,4.6 ,1'436
https://www.amazon.sg/Hills-Science-Canine-Adult-1-8kg/dp/B0006345MK/ref=sr_1_149?keywords=food&qid=1651227715&sr=8-149,https://m.media-amazon.com/images/I/71dMgWytJ-L._AC_UL320_.jpg,Hill's Science Diet Canine Adult Oral Care Dry Dog Food| 1.8kg,35.55,4.5 ,2'071
https://www.amazon.sg/Burgess-Excel-Tasty-Nuggets-Rabbit/dp/B0006PWWBY/ref=sr_1_150?keywords=food&qid=1651227715&sr=8-150,https://m.media-amazon.com/images/I/51uMFSaCFLL._AC_UL320_.jpg,(1.5/2kg) Burgess Excel Tasty Nuggets for Adult Rabbit (Mint),,,
https://www.amazon.sg/Ocean-Free-FF790-Spirulina-Germ-Growth/dp/B08DVB1MBZ/ref=sr_1_151?keywords=food&qid=1651227715&sr=8-151,https://m.media-amazon.com/images/I/816Gr6axpZL._AC_UL320_.jpg,Ocean Free FF790 XO Koi Spirulina & Wheat Germ-Growth Fish Food| Medium| 5kg,,,
https://www.amazon.sg/Raw-Rawr-Freeze-Salmon-Balanced/dp/B08VK92KZ8/ref=sr_1_152?keywords=food&qid=1651227715&sr=8-152,https://m.media-amazon.com/images/I/51EpkJxt9NL._AC_UL320_.jpg,Raw Rawr Freeze Dried Salmon & Lamb Balanced Diet Dog Food| 100g,,,
https://www.amazon.sg/Fancy-Feast-12276943-1-Inspiration-Chicken/dp/B093PDJQ94/ref=sr_1_153?keywords=food&qid=1651227715&sr=8-153,https://m.media-amazon.com/images/I/61scgGkYuiL._AC_UL320_.jpg,Fancy Feast 12276943-1 Inspiration Chicken| Pasta Pearls & Spinach Cat Wet Food Can| 70g (Carton of 24),,,
https://www.amazon.sg/Whiskas-Food-Ocean-Fish-kilogs/dp/B00LHUMDMU/ref=sr_1_154?keywords=food&qid=1651227715&sr=8-154,https://m.media-amazon.com/images/I/61QZm4ZSOqL._AC_UL320_.jpg,Whiskas Cat Food| Ocean Fish| 1.2 kilogs,6.35,4.6 ,1'436
https://www.amazon.sg/Pedigree-Beef-Vegetable-Food-10kg/dp/B072HT4K2H/ref=sr_1_155?keywords=food&qid=1651227715&sr=8-155,https://m.media-amazon.com/images/I/91YQtU3XEiS._AC_UL320_.jpg,Pedigree Beef and Vegetable Dog Food| 10kg,38.00,4.5 ,2
https://www.amazon.sg/Taste-Wild-TOW9054-Appalachian-Garbanzo/dp/B01JM9L94A/ref=sr_1_156?keywords=food&qid=1651227715&sr=8-156,https://m.media-amazon.com/images/I/61WdVyw-3UL._AC_UL320_.jpg,Taste of the Wild TOW9054 Appalachian Valley Small Breed Canine Formula with Venison & Garbanzo Beans| 2kg,34.55,4.4 ,43
https://www.amazon.sg/Raw-Rawr-Freeze-Mackeral-Balanced/dp/B08VK1P2GL/ref=sr_1_157?keywords=food&qid=1651227715&sr=8-157,https://m.media-amazon.com/images/I/61TypWDytZL._AC_UL320_.jpg,Raw Rawr Freeze Dried Beef & Mackeral Balanced Diet| 100g,,,
https://www.amazon.sg/Taste-Wild-Sierra-Mountain-Roasted/dp/B085PGZ6WY/ref=sr_1_158?keywords=food&qid=1651227715&sr=8-158,https://m.media-amazon.com/images/I/611kOBl9mDL._AC_UL320_.jpg,Taste of the Wild Sierra Mountain Roasted Lamb| 12.2 kg,136.90,4.5 ,156
https://www.amazon.sg/Feline-Natural-Canned-Lamb-Feast/dp/B07K2PJ1B9/ref=sr_1_159?keywords=food&qid=1651227715&sr=8-159,https://m.media-amazon.com/images/I/61Gw3VeuTZL._AC_UL320_.jpg,Feline Natural Canned Lamb Feast Cat Food| 85g|All Breed Sizes|Brown,4.50,3.9 ,14
https://www.amazon.sg/Taste-Wild-Pine-Forest-Venison/dp/B085PGQTVP/ref=sr_1_160?keywords=food&qid=1651227715&sr=8-160,https://m.media-amazon.com/images/I/61XOp1aDa-L._AC_UL320_.jpg,Taste of the Wild Pine Forest Venison| 12.2 kg,133.90,4.5 ,28
https://www.amazon.sg/PURINA-FANCY-FEAST-Chunky-Chicken/dp/B000RYFJRI/ref=sr_1_161?keywords=food&qid=1651227715&sr=8-161,https://m.media-amazon.com/images/I/71iYbYo7P4L._AC_UL320_.jpg,PURINA FANCY FEAST Chunky Chicken Cat Food| 85g,1.10,4.4 ,98
https://www.amazon.sg/Feline-Natural-Canned-Beef-Feast/dp/B07MYML989/ref=sr_1_162?keywords=food&qid=1651227715&sr=8-162,https://m.media-amazon.com/images/I/61VAcGLLM2L._AC_UL320_.jpg,Feline Natural Canned Beef & Hoki Feast Cat Food| 85g,,,
https://www.amazon.sg/Taste-Wild-Protein-Pacific-Premium/dp/B00719W6G4/ref=sr_1_163?keywords=food&qid=1651227715&sr=8-163,https://m.media-amazon.com/images/I/81VSvGqvAlL._AC_UL320_.jpg,Taste of the Wild Grain Free High Protein Real Meat Recipe Pacific Stream Puppy Premium Dry Dog Food,46.81,4.7 ,1'931
https://www.amazon.sg/Purina-Fancy-Feast-Variety-Collection/dp/B07JG87X5P/ref=sr_1_164?keywords=food&qid=1651227715&sr=8-164,https://m.media-amazon.com/images/I/817jbhS0QpL._AC_UL320_.jpg,4 flavors,31.69,4.7 ,13'848
https://www.amazon.sg/340g-Provenance-Air-Dried-Hauraki-Plains/dp/B08FDKCFQX/ref=sr_1_169?keywords=food&qid=1651227715&sr=8-169,https://m.media-amazon.com/images/I/81IkYMme1EL._AC_UL320_.jpg,(340g) ZIWI Peak Provenance Air-Dried Cat Food (Hauraki Plains)|Brown|ZPP412,,,
https://www.amazon.sg/Kaytee-Fruit-Nut-Blend-Food/dp/B0055INY1Y/ref=sr_1_170?keywords=food&qid=1651227715&sr=8-170,https://m.media-amazon.com/images/I/81I0bMImUhL._AC_UL320_.jpg,Kaytee Fruit Nut Blend Pet Food| 5 lb,29.37,4.7 ,4'164
https://www.amazon.sg/Iams-Cat-Adult-Chicken-1kg/dp/B07NQG4ZBJ/ref=sr_1_171?keywords=food&qid=1651227715&sr=8-171,https://m.media-amazon.com/images/I/610dLKvcguL._AC_UL320_.jpg,Iams Cat Adult Chicken| 1kg,15.00,5.0 ,1
https://www.amazon.sg/185g-Ziwi-Canned-Stages-Venison/dp/B071L1DD1W/ref=sr_1_172?keywords=food&qid=1651227715&sr=8-172,https://m.media-amazon.com/images/I/71D9t8Tn3QL._AC_UL320_.jpg,(185g) ZIWI Peak Canned Cat Food for All Life Stages (Venison),,,
https://www.amazon.sg/simplehuman-Large-Storage-Brushed-Stainless/dp/B004PU7SBU/ref=sr_1_173?keywords=food&qid=1651227715&sr=8-173,https://m.media-amazon.com/images/I/71NhYChO7+L._AC_UL320_.jpg,simplehuman Large Pet Food Storage Can| Brushed Stainless Steel| 30 L| 32 lb / 14.5 kg,228.65,4.8 ,2'164
https://www.amazon.sg/Intune-Cockatiel-Lovebird-Multicolor-038219/dp/B085FW6LHL/ref=sr_1_174?keywords=food&qid=1651227715&sr=8-174,https://m.media-amazon.com/images/I/713FzWAUPqL._AC_UL320_.jpg,Intune Harmony Conure| Cockatiel| Lovebird and Parrot Food 2Lb| Multicolor (038219),31.03,4.4 ,37
https://www.amazon.sg/Fancy-Feast-Poultry-Variety-3-Ounce/dp/B005OB3E30/ref=sr_1_175?keywords=food&qid=1651227715&sr=8-175,https://m.media-amazon.com/images/I/91G9cTAJJgL._AC_UL320_.jpg,Fancy Feast Wet Cat Food| Gravy Lovers| Poultry & Beef Variety Pack| 3-Ounce Can| Pack of 24,31.98,4.7 ,26'814
https://www.amazon.sg/Royal-Canin-Small-Breed-Adult/dp/B0074JN3TU/ref=sr_1_176?keywords=food&qid=1651227715&sr=8-176,https://m.media-amazon.com/images/I/718cALWM+XL._AC_UL320_.jpg,Royal Canin Small Breed Adult Dry Dog Food| 2.5 lb bag,27.97,4.7 ,1'602
https://www.amazon.sg/Hills-Science-Feline-Perfect-Weight/dp/B00HPZENCE/ref=sr_1_177?keywords=food&qid=1651227715&sr=8-177,https://m.media-amazon.com/images/I/71fl7GXxjdL._AC_UL320_.jpg,Hill’s Science Diet Feline Adult Perfect Weight Dry Cat Food| 6.8kg,113.60,4.8 ,2'964
https://www.amazon.sg/Wellness-Natural-Pet-Food-89016/dp/B01GJJHU4O/ref=sr_1_178?keywords=food&qid=1651227715&sr=8-178,https://m.media-amazon.com/images/I/81cGsS4mLGL._AC_UL320_.jpg,Wellness Natural Pet Food Grain-Free Crunchy Puppy Bites Chicken & Carrots Recipe Dog Treats| 6 Ounce Bag (89016),12.00,4.6 ,32'076
https://www.amazon.sg/Hills-Science-Diet-6486HG-Chicken/dp/B07GBZ7PS9/ref=sr_1_179?keywords=food&qid=1651227715&sr=8-179,https://m.media-amazon.com/images/I/8116ZiRGstL._AC_UL320_.jpg,Hill's Science Diet 6486HG Adult Chicken & Barley Recipe Dry Dog Food| 3kg,37.40,4.2 ,6
https://www.amazon.sg/Instinct-6175900-Grain-Free-Kibble-Health/dp/B07NM4L968/ref=sr_1_180?keywords=food&qid=1651227715&sr=8-180,https://m.media-amazon.com/images/I/911niIOZsxL._AC_UL320_.jpg,Instinct 6175900 Raw Boost Grain-Free Kibble Gut Health Recipe Dry Dog Food| 4lb,53.90,4.6 ,225
https://www.amazon.sg/Hills-Science-Diet-Chicken-Barley/dp/B000634160/ref=sr_1_181?keywords=food&qid=1651227715&sr=8-181,https://m.media-amazon.com/images/I/81AZMr9Y9rL._AC_UL320_.jpg,Hill's Science Diet Dry Dog Food| Adult| Chicken & Barley Recipe| 5 lb Bag,29.71,4.8 ,3'032
https://www.amazon.sg/Jiminys-Gluten-Free-Sustainable-Ingredients-Hypoallergenic/dp/B086DCDM71/ref=sr_1_182?keywords=food&qid=1651227715&sr=8-182,https://m.media-amazon.com/images/I/71ogna+baWL._AC_UL320_.jpg,Jiminy's Cricket Crave Cricket Protein Oven-Baked Dog Food 10 lb Bag | 100% Made in The USA | Gluten-Free | Sustainable | Limited Ingredients | High Protein | Hypoallergenic,107.82,4.4 ,86
https://www.amazon.sg/PEDIGREE-Chopped-Ground-Dinner-Pouches/dp/B01MY0910M/ref=sr_1_183?keywords=food&qid=1651227715&sr=8-183,https://m.media-amazon.com/images/I/81DcP2mRCrL._AC_UL320_.jpg,PEDIGREE Adult Wet Dog Food Chopped Ground Dinner Bacon and Filet Mignon Flavor| (16) 3.5 oz. Pouches,24.90,4.7 ,9'935
https://www.amazon.sg/1-8kg-nurturePRO-Nourish-Life-Mature/dp/B08D11KXNY/ref=sr_1_184?keywords=food&qid=1651227715&sr=8-184,https://m.media-amazon.com/images/I/51iMTSKCDBL._AC_UL320_.jpg,(1.8kg) nurturePRO Nourish Life Cat Dry Food 4lb (Mature Cat 7+),,,
https://www.amazon.sg/Tetra-Shrimp-Wafers-Bottom-Feeding/dp/B01ESSW6M4/ref=sr_1_185?keywords=food&qid=1651227715&sr=8-185,https://m.media-amazon.com/images/I/81h4ZlYl-rL._AC_UL320_.jpg,Tetra Cory Shrimp Wafers Food for Bottom Feeding Fish| 105g,18.08,4.2 ,181
https://www.amazon.sg/Merrick-Salmon-Sweet-Potato-Recipe/dp/B07WMDV4D4/ref=sr_1_186?keywords=food&qid=1651227715&sr=8-186,https://m.media-amazon.com/images/I/81CQg746J-L._AC_UL320_.jpg,Merrick Dry Dog Food| Real Salmon and Sweet Potato Grain Free Dog Food Recipe - 22 lb. Bag,122.38,4.7 ,2'340
https://www.amazon.sg/ORIJEN-Premium-High-Protein-Grain-Free-Kitten/dp/B09B4BDR4H/ref=sr_1_187?keywords=food&qid=1651227715&sr=8-187,https://m.media-amazon.com/images/I/71ghIK9gFtL._AC_UL320_.jpg,ORIJEN Premium High-Protein Grain-Free Dry Cat Food| Kitten Recipe| 4lb|,44.36,4.6 ,153
https://www.amazon.sg/Aatas-Cat-Tantalizing-Pumpkin-Carton/dp/B08PBYG56H/ref=sr_1_188?keywords=food&qid=1651227715&sr=8-188,https://m.media-amazon.com/images/I/61FnuLPM1NL._AC_UL320_.jpg,Aatas Cat Tantalizing Tuna & Pumpkin in Aspic 80g (Carton of 24),,,
https://www.amazon.sg/INSTINCT-Original-Grain-Free-Chicken-Kittens/dp/B06XDDDBJG/ref=sr_1_189?keywords=food&qid=1651227715&sr=8-189,https://m.media-amazon.com/images/I/81amPu1IFjL._AC_UL320_.jpg,INSTINCT Original Grain-Free Recipe with Real Chicken Dry Food for Kittens| 4.5lb,44.90,4.5 ,2'339
https://www.amazon.sg/Ziwi-Peak-Air-Dried-Stages-Mackerel/dp/B06XMQS6CC/ref=sr_1_190?keywords=food&qid=1651227715&sr=8-190,https://m.media-amazon.com/images/I/61sYP+X8Z4L._AC_UL320_.jpg,(1kg) ZIWI Peak Air-Dried Dog Food for All Life Stages (Mackerel & Lamb),,,
https://www.amazon.sg/Wellness-CORE-Ocean-Food-22lb/dp/B01DAG9JRA/ref=sr_1_191?keywords=food&qid=1651227715&sr=8-191,https://m.media-amazon.com/images/I/71ReMeSYdpL._AC_UL320_.jpg,Wellness CORE Ocean Dry Dog Food 22lb,152.00,4.5 ,9
https://www.amazon.sg/Wild-Earth-Allergies-Vegetarian-Veterinarian-Developed/dp/B07WDF8WWP/ref=sr_1_192?keywords=food&qid=1651227715&sr=8-192,https://m.media-amazon.com/images/I/81NJ6O6EycL._AC_UL320_.jpg,Wild Earth Dog Food for Allergies| Vegan Dry Dog Food| High Protein Plant Based Kibble| Vegetarian| Veterinarian-Developed for Complete Nutrition| Digestive Support & Allergy Relief| 4lb,45.24,4.2 ,832
https://www.amazon.sg/Cesar-Food-Beef-Vegetables-100g/dp/B07PGBW8JV/ref=sr_1_193?keywords=food&qid=1651227715&sr=8-193,https://m.media-amazon.com/images/I/91tzNcPE-JL._AC_UL320_.jpg,Cesar Dog Food Wet Food Beef & Vegetables 100g,,,
https://www.amazon.sg/Ocean-Free-FF684B-Kagayaki-Hi-Spirulina/dp/B08DVBGGRB/ref=sr_1_194?keywords=food&qid=1651227715&sr=8-194,https://m.media-amazon.com/images/I/61S5u4MEguL._AC_UL320_.jpg,Ocean Free FF684B Kagayaki Hi-Spirulina Large Pellet Fish Food| 5kg,,,
https://www.amazon.sg/PURINA-Fancy-Chicken-andTurkey-1-36kg/dp/B0010B3EWE/ref=sr_1_195_f3_0o_fs?keywords=food&qid=1651227715&sr=8-195,https://m.media-amazon.com/images/I/81erfeBc-GL._AC_UL320_.jpg,PURINA Fancy Feast Cat Food| Chicken andTurkey| 1.36kg,15.50,5.0 ,2
https://www.amazon.sg/Wellness-CORE-Pate-Chicken-5-5oz/dp/B08DZH7878/ref=sr_1_196?keywords=food&qid=1651227715&sr=8-196,https://m.media-amazon.com/images/I/818xUoK658L._AC_UL320_.jpg,Wellness CORE 95% Pate Chicken Wet Cat Food 5.5oz,3.80,5.0 ,1
https://www.amazon.sg/Ocean-Free-FF1154-Terrapins-Turtles/dp/B08DV8WDTJ/ref=sr_1_197?keywords=food&qid=1651227715&sr=8-197,https://m.media-amazon.com/images/I/619gwenIUOL._AC_UL320_.jpg,Ocean Free FF1154 TT-G1 Pro Terrapins & Turtles Pellet Sticks| Large| 250g,,,
https://www.amazon.sg/Wellness-Small-Breed-Puppy-Food/dp/B071ZBVK5N/ref=sr_1_198?keywords=food&qid=1651227715&sr=8-198,https://m.media-amazon.com/images/I/819xpn9FtpL._AC_UL320_.jpg,Wellness CORE Small Breed Puppy Dry Dog Food 12lb,80.41,4.5 ,522
https://www.amazon.sg/Pedigree-Small-Breed-Chicken-kilogs/dp/B01CWXG6KA/ref=sr_1_199?keywords=food&qid=1651227715&sr=8-199,https://m.media-amazon.com/images/I/71t9L4KEehL._AC_UL320_.jpg,Pedigree Small Breed Chicken and Liver| 1.5 kilogs,,,
https://www.amazon.sg/Fancy-Feast-11051260-1-Grilled-Carton/dp/B06XK55Y8D/ref=sr_1_200?keywords=food&qid=1651227715&sr=8-200,https://m.media-amazon.com/images/I/81Fmrgf8EWL._AC_UL320_.jpg,Fancy Feast 11051260-1 Grilled Tuna Feast in Gravy Cat Wet Food Can| 85g (Carton of 24),,,
https://www.amazon.sg/Pedigree-Small-Breed-Chicken-kilogs/dp/B01CWXG6KA/ref=sr_1_197?keywords=food&qid=1651227716&sr=8-197,https://m.media-amazon.com/images/I/71t9L4KEehL._AC_UL320_.jpg,Pedigree Small Breed Chicken and Liver| 1.5 kilogs,,,
https://www.amazon.sg/Fancy-Feast-11051260-1-Grilled-Carton/dp/B06XK55Y8D/ref=sr_1_198?keywords=food&qid=1651227716&sr=8-198,https://m.media-amazon.com/images/I/81Fmrgf8EWL._AC_UL320_.jpg,Fancy Feast 11051260-1 Grilled Tuna Feast in Gravy Cat Wet Food Can| 85g (Carton of 24),,,
https://www.amazon.sg/Sheba-Pouch-Food-Stick-70gx12x2/dp/B08P743GNJ/ref=sr_1_199?keywords=food&qid=1651227716&sr=8-199,https://m.media-amazon.com/images/I/61n5KE++cNL._AC_UL320_.jpg,Sheba Pouch Cat Food Wet Food Tuna & Crab Stick 70gx12x2,,,
https://www.amazon.sg/TOPs-Parrot-Food-Pellets-Hookbills/dp/B0040RIYDE/ref=sr_1_200?keywords=food&qid=1651227716&sr=8-200,https://m.media-amazon.com/images/I/71V74R2gZUL._AC_UL320_.jpg,TOP's Parrot Food Pellets Hookbills| Small| Medium and Large Parrots - Non-GMO| Peanut Soy & Corn Free| USDA Organic Certified - 10 lb / 4.53 kg,100.83,4.4 ,869
https://www.amazon.sg/Merrick-Plates-Small-Potato-Recipe/dp/B07CN64FBW/ref=sr_1_201?keywords=food&qid=1651227716&sr=8-201,https://m.media-amazon.com/images/I/81Qc2Mku+YL._AC_UL320_.jpg,Merrick Lil' Plates Small Breed Dog Food| Grain Free Real Texas Beef and Sweet Potato Recipe| Small Dog Food - 20 lb Bag,104.90,4.7 ,3'317
https://www.amazon.sg/Purina-Fancy-Feast-Variety-Collection/dp/B01ALT2IRM/ref=sr_1_202?keywords=food&qid=1651227716&sr=8-202,https://m.media-amazon.com/images/I/810DPp01N6L._AC_UL320_.jpg,Purina Fancy Feast Grain Free Pate Wet Cat Food Variety Pack| Poultry & Beef Collection - (30) 3 oz. Cans,38.79,4.7 ,4'283
https://www.amazon.sg/Merrick-Limited-Ingredient-Salmon-Potato/dp/B07YGZRS7G/ref=sr_1_203?keywords=food&qid=1651227716&sr=8-203,https://m.media-amazon.com/images/I/81lqPJPiAzL._AC_UL320_.jpg,Merrick Limited Ingredient Diet Grain Free Dry Dog Food Real Salmon & Sweet Potato Recipe - 22.0 lb Bag,113.64,4.7 ,327
https://www.amazon.sg/NUTRIPE-Pure-Green-Tripe-390g/dp/B07FF57DBL/ref=sr_1_204?keywords=food&qid=1651227716&sr=8-204,https://m.media-amazon.com/images/I/81hM9UtDNIL._AC_UL320_.jpg,NUTRIPE Pure Green Tripe Dog|390g,,,
https://www.amazon.sg/Kaytee-Fiesta-Mouse-Food-2-Lb/dp/B0002DGI2E/ref=sr_1_205?keywords=food&qid=1651227716&sr=8-205,https://m.media-amazon.com/images/I/819Q0eHsmVL._AC_UL320_.jpg,Kaytee Fiesta Mouse And Rat Food| 2-Lb Bag,17.95,4.7 ,2'542
https://www.amazon.sg/Tetra-ReptoMin-Baby-Turtle-Food/dp/B008RKFBHW/ref=sr_1_206?keywords=food&qid=1651227716&sr=8-206,https://m.media-amazon.com/images/I/81AuP8CipoL._AC_UL320_.jpg,Tetra ReptoMin Baby Turtle Food| 82g,9.84,4.6 ,120
https://www.amazon.sg/Sheba-Tender-Chicken-Flakes-Carton/dp/B08P7468R5/ref=sr_1_207?keywords=food&qid=1651227716&sr=8-207,https://m.media-amazon.com/images/I/818FYp-t9pL._AC_UL320_.jpg,Sheba Can Cat Food Wet Food Tender Chicken Fine Flakes 85g (Carton of 24),,,
https://www.amazon.sg/CHICKEN-Food-Chicken-Turkey-Ingredients/dp/B07R43M67C/ref=sr_1_208?keywords=food&qid=1651227716&sr=8-208,https://m.media-amazon.com/images/I/81xzq5KmkJL._AC_UL320_.jpg,CHICKEN SOUP FOR THE SOUL Puppy Food| Chicken| Turkey & Brown Rice Recipe| 4.5 lb. Bag | Soy Free| Corn Free| Wheat Free | Dry Dog Food Made with Real Ingredients,19.31,4.6 ,457
https://www.amazon.sg/INSTINCT-Freeze-Dried-Mixers-Grain-Free-Digestive/dp/B07NLZTHD7/ref=sr_1_209?keywords=food&qid=1651227716&sr=8-209,https://m.media-amazon.com/images/I/81gTCCPYnSL._AC_UL320_.jpg,INSTINCT Freeze-Dried Raw Boost Mixers Grain-Free Digestive Health Recipe Cat Food Topper| 5.5oz,20.73,4.5 ,794
https://www.amazon.sg/Pro-Plan-Formula-Sensitive-Digestion/dp/B07GD7LN9Z/ref=sr_1_210?keywords=food&qid=1651227716&sr=8-210,https://m.media-amazon.com/images/I/91A8yXz21NL._AC_UL320_.jpg,Pro Plan Medium Dog Dry Food| Adult| Lamb Formula| Sensitive Digestion| 12 kg,,,
https://www.amazon.sg/Wellness-CORE-Small-Breed-Meals/dp/B08DZJBMKJ/ref=sr_1_211?keywords=food&qid=1651227716&sr=8-211,https://m.media-amazon.com/images/I/819w6GK-SkL._AC_UL320_.jpg,Wellness CORE Small Breed Mini Meals - Shredded Chicken & Turkey Wet Dog Food 3oz,,,
https://www.amazon.sg/CESAR-Puppy-Classic-Chicken-Recipe/dp/B0029NIW60/ref=sr_1_212?keywords=food&qid=1651227716&sr=8-212,https://m.media-amazon.com/images/I/81wW1y2ThlL._AC_UL320_.jpg,CESAR Puppy Soft Wet Dog Food Classic Loaf in sauce Chicken & Beef Recipe| (24) 3.5 oz. Easy Peel Trays,49.52,4.7 ,1'818
https://www.amazon.sg/Purina-Fancy-Feast-Variety-Collection/dp/B00JT3TP1O/ref=sr_1_217?keywords=food&qid=1651227716&sr=8-217,https://m.media-amazon.com/images/I/81BSp8IrgqL._AC_UL320_.jpg,Purina Fancy Feast Grain Free Wet Cat Food Variety Pack Pate| Seafood Classic Pate Collection - (30) 3 oz. Cans,,,
https://www.amazon.sg/4-1kg-Loveabowl-Grain-Free-Salmon/dp/B08H2PDSPG/ref=sr_1_218?keywords=food&qid=1651227716&sr=8-218,https://m.media-amazon.com/images/I/7124QhVpz2L._AC_UL320_.jpg,(4.1kg) Loveabowl Grain Free Cat Dry Food 9lb (Salmon),,,
https://www.amazon.sg/INSTINCT-Limited-Ingredient-Natural-Natures/dp/B07NM1SB6Z/ref=sr_1_219?keywords=food&qid=1651227716&sr=8-219,https://m.media-amazon.com/images/I/8156INxs+hL._AC_UL320_.jpg,INSTINCT Limited Ingredient Diet Grain Free Recipe with Real Salmon Natural Dry Cat Food by Nature's Variety| 4.5 lb. Bag,51.20,4.5 ,1'421
https://www.amazon.sg/Natural-Balance-Calorie-Garbanzo-Packaging/dp/B00BVUEZ54/ref=sr_1_220?keywords=food&qid=1651227716&sr=8-220,https://m.media-amazon.com/images/I/81c5RD52BzL._AC_UL320_.jpg,Natural Balance Fat Dogs Low Calorie Dry Dog Food| Chicken Meal| Salmon Meal| Garbanzo Beans| Peas & Oatmeal| 5 Pounds (Packaging May Vary),27.60,4.5 ,2'377
https://www.amazon.sg/Basics-Flavors-Food-Topper-Dogs/dp/B07JMBGP62/ref=sr_1_221?keywords=food&qid=1651227716&sr=8-221,https://m.media-amazon.com/images/I/71Ss1QkcCQL._AC_UL320_.jpg,Basics Flavors Food Topper for Dogs - All 4 Recipes Gift Pack - Natural| Human Grade| Grain Free - Perfect Seasoning| Gravy| and Kibble Sprinkle for Picky Dog- Pack of 4-3.1oz Bottles,33.67,4.1 ,567
https://www.amazon.sg/Addiction-Salmon-Hypoallergnic-Formula-Taurine/dp/B001PRXIQA/ref=sr_1_222?keywords=food&qid=1651227716&sr=8-222,https://m.media-amazon.com/images/I/81E2v-wL6IL._AC_UL320_.jpg,Addiction Salmon Bleu| Grain Free Hypoallergnic Dry Dog Food Formula with Taurine| 4 Lb,,,
https://www.amazon.sg/Loveabowl-2-20lb-Herring-Salmon-Lobster/dp/B08H2QNQRM/ref=sr_1_223?keywords=food&qid=1651227716&sr=8-223,https://m.media-amazon.com/images/I/51SyK-kNSWL._AC_UL320_.jpg,(1kg) Loveabowl Grain Free Cat Dry Food 2.20lb (Herring| Salmon and Lobster),,,
https://www.amazon.sg/Wellness-Complete-Natural-Food-12-5-Ounce/dp/B000261O02/ref=sr_1_224?keywords=food&qid=1651227716&sr=8-224,https://m.media-amazon.com/images/I/81gBSRdKQxL._AC_UL320_.jpg,Wellness Complete Health Natural Wet Canned Puppy Food| Puppy Chicken & Salmon 12.5-Ounce Can (Pack of 12),70.93,4.5 ,1'030
https://www.amazon.sg/JOCHA-Double-15%C2%B0Tilted-Platform-Feeders/dp/B07RT628YY/ref=sr_1_225?keywords=food&qid=1651227716&sr=8-225,https://m.media-amazon.com/images/I/51cOcLYRKyL._AC_UL320_.jpg,JOCHA Double Cat Bowl With Raised Stand|15°Tilted Platform Cat Feeders Food And Water Bowls|Reduce Neck Pain For Cats And Small Dogs,25.99,4.2 ,191
https://www.amazon.sg/ORIJEN-High-Protein-Grain-Free-Management-Packaging/dp/B073SGHRY3/ref=sr_1_226?keywords=food&qid=1651227716&sr=8-226,https://m.media-amazon.com/images/I/81VIoAkLDnL._AC_UL320_.jpg,ORIJEN Dog Fit and Trim Recipe| 25lb| High-Protein Grain-Free Weight Management Dog Food| Packaging May Vary,174.05,4.7 ,876
https://www.amazon.sg/Halo-Natural-Indoor-Chicken-Recipe/dp/B006WVIPDU/ref=sr_1_227?keywords=food&qid=1651227716&sr=8-227,https://m.media-amazon.com/images/I/71jQJxZ3+3L._AC_UL320_.jpg,Halo Grain Free Natural Dry Cat Food Indoor Chicken and Chicken Liver Recipe,62.10,4.5 ,892
https://www.amazon.sg/Hills-Science-Feline-Hairball-Control/dp/B001VIYCK4/ref=sr_1_228?keywords=food&qid=1651227716&sr=8-228,https://m.media-amazon.com/images/I/810jfgAmIFL._AC_UL320_.jpg,Hill’s Science Diet Feline Adult Hairball Control Dry Cat Food| 1.58kg,,,
https://www.amazon.sg/Wellness-CORE-Indoor-Salmon-Herring/dp/B07BRKZRMT/ref=sr_1_229?keywords=food&qid=1651227716&sr=8-229,https://m.media-amazon.com/images/I/813xyAxCx4L._AC_UL320_.jpg,Wellness CORE Indoor Salmon & Herring Dry Cat Food 11lb,83.16,4.2 ,209
https://www.amazon.sg/Instinct-Original-Chicken-Natural-Natures/dp/B07NM126MJ/ref=sr_1_230?keywords=food&qid=1651227716&sr=8-230,https://m.media-amazon.com/images/I/81MvpwIrMrL._AC_UL320_.jpg,Instinct Original Puppy Grain Free Real Chicken Recipe Natural Wet Canned Dog Food by Nature's Variety| 13.2 oz. Cans (Case of 6),37.68,4.5 ,753
https://www.amazon.sg/Wellness-Natural-Pet-Food-CORE/dp/B07BRKQ7FG/ref=sr_1_231?keywords=food&qid=1651227716&sr=8-231,https://m.media-amazon.com/images/I/714oGsOTQWL._AC_UL320_.jpg,Wellness Natural Pet Food CORE Lamb Dry Dog Food 12lb,90.40,4.5 ,222
https://www.amazon.sg/Instinct-Original-Variety-Natural-Natures/dp/B07NLZKK4Q/ref=sr_1_232?keywords=food&qid=1651227716&sr=8-232,https://m.media-amazon.com/images/I/91Ilw8h54UL._AC_UL320_.jpg,Instinct Original Grain Free Recipe Variety Pack Natural Wet Canned Cat Food by Nature's Variety| 5.5 oz. Cans (Pack of 12),51.81,4.2 ,2'844
https://www.amazon.sg/Honest-Kitchen-Human-Grade-Dehydrated/dp/B00A8O1R9Q/ref=sr_1_233?keywords=food&qid=1651227716&sr=8-233,https://m.media-amazon.com/images/I/81yo8MP6y5L._AC_UL320_.jpg,The Honest Kitchen Human Grade Dehydrated Whole Grain Dog Food – Complete Meal or Dog Food Topper – Turkey 10 lb (makes 40 lbs),111.91,4.4 ,6'624
https://www.amazon.sg/Cesar-Dog-Food-Chicken-100g/dp/B07PH98MXM/ref=sr_1_234?keywords=food&qid=1651227716&sr=8-234,https://m.media-amazon.com/images/I/A1UPJ29BakL._AC_UL320_.jpg,Cesar Dog Food Wet Food Chicken 100g,43.92,5.0 ,1
https://www.amazon.sg/Everyday-Feeder-Programmable-Automatic-Dispenser/dp/B001F2117I/ref=sr_1_235?keywords=food&qid=1651227716&sr=8-235,https://m.media-amazon.com/images/I/61VpWp44AKL._AC_UL320_.jpg,EHEIM Everyday Fish Feeder Programmable Automatic Food Dispenser,79.00,4.4 ,6'135
https://www.amazon.sg/IAMS-PROACTIVE-HEALTH-Lively-Senior/dp/B01AWFSVY4/ref=sr_1_236?keywords=food&qid=1651227716&sr=8-236,https://m.media-amazon.com/images/I/81XfNsI3S2L._AC_UL320_.jpg,IAMS PROACTIVE HEALTH Lively Senior Dry Cat Food 7 Pounds,27.53,4.8 ,34'412
https://www.amazon.sg/CHICKEN-Weight-Food-Chicken-Ingredients/dp/B07Q76GTCM/ref=sr_1_237?keywords=food&qid=1651227716&sr=8-237,https://m.media-amazon.com/images/I/81xTnILWSYL._AC_UL320_.jpg,CHICKEN SOUP FOR THE SOUL Weight Care Dog Food| Brown Rice| Chicken and Turkey Recipe| 4.5 lb. Bag | Soy Free| Corn Free| Wheat Free | Dry Dog Food Made with Real Ingredients,19.31,4.7 ,186
https://www.amazon.sg/Pro-Plan-Sensitive-Stomach-Probiotics/dp/B01EY9KQ6K/ref=sr_1_238?keywords=food&qid=1651227716&sr=8-238,https://m.media-amazon.com/images/I/81Nr0UgbssL._AC_UL320_.jpg,Purina Pro Plan Sensitive Skin and Stomach Dog Food With Probiotics for Dogs| Salmon & Rice Formula - 5 lb. Bag,30.05,4.7 ,16'963
https://www.amazon.sg/Canidae-Limited-Ingredient-Premium-Salmon/dp/B00ECOLCUM/ref=sr_1_239?keywords=food&qid=1651227716&sr=8-239,https://m.media-amazon.com/images/I/71A+N1teaiL._AC_UL320_.jpg,Canidae PURE Limited Ingredient Premium Adult Dry Dog Food| Salmon and Sweet Potato Recipe| 24 Pounds| Grain Free,,,
https://www.amazon.sg/Hills-Science-Diet-Senior-Savory/dp/B006HKAQ88/ref=sr_1_240?keywords=food&qid=1651227716&sr=8-240,https://m.media-amazon.com/images/I/71j8FCXUemL._AC_UL320_.jpg,Hill's Science Diet Senior Wet Dog Food| Adult 7+ Savory Stew Canned Dog Food| 12.8 oz| 12 Pack,53.93,4.5 ,3'204
https://www.amazon.sg/SquarePet-Veterinarian-Formulated-Solutions-Hydrolyzed/dp/B0891FQ23T/ref=sr_1_241?keywords=food&qid=1651227716&sr=8-241,https://m.media-amazon.com/images/I/51Th4B8CmlL._AC_UL320_.jpg,SquarePet Veterinarian Formulated Solutions Hydrolyzed Protein S/D Support Canine Dry Dog Food 4.4lbs,47.25,3.9 ,70
https://www.amazon.sg/Purina-Fancy-Feast-Ingredient-Complement/dp/B07TQB2G4P/ref=sr_1_242?keywords=food&qid=1651227716&sr=8-242,https://m.media-amazon.com/images/I/81Xmz+i3Q5L._AC_UL320_.jpg,Purina Fancy Feast Grain Free| Limited Ingredient Wet Cat Food Complement Variety Pack| Broths Collection - (20) 1.4 oz. Pouches,72.30,4.7 ,281
https://www.amazon.sg/Eukanuba-Adult-Small-Bites-Food/dp/B004SBMEZ6/ref=sr_1_243?keywords=food&qid=1651227716&sr=8-243,https://m.media-amazon.com/images/I/71Qs1zby+EL._AC_UL320_.jpg,Eukanuba Adult Small Bites Dry Dog Food,31.25,4.7 ,278
https://www.amazon.sg/Burgess-Excel-Nuggets-Junior-Rabbit/dp/B001UALTL8/ref=sr_1_244?keywords=food&qid=1651227716&sr=8-244,https://m.media-amazon.com/images/I/517Fqa6N47L._AC_UL320_.jpg,(1.5/2kg) Burgess Excel Tasty Nuggets for Junior & Dwarf Rabbit (Mint),17.50,4.7 ,450
https://www.amazon.sg/Petzilla-Automatic-Feeder-Dispenser-Included/dp/B01FG0ZILO/ref=sr_1_245?keywords=food&qid=1651227716&sr=8-245,https://m.media-amazon.com/images/I/619d5YFYp8L._AC_UL320_.jpg,Petzilla Automatic Pet Food Feeder for Dogs & Cats| Pet Food Dispenser for 2 Meals Within 48 Hours| Ice Pack Included to Keep Food Fresh (2 Bowl),,,
https://www.amazon.sg/IAMS-PROACTIVE-HEALTH-Urinary-Chicken/dp/B07DJ7T3RR/ref=sr_1_246?keywords=food&qid=1651227716&sr=8-246,https://m.media-amazon.com/images/I/718U7eRO4TL._AC_UL320_.jpg,IAMS PROACTIVE HEALTH Adult Urinary Tract Health Dry Cat Food with Chicken Cat Kibble| 7 lb. Bag,27.53,4.8 ,6'094
https://www.amazon.sg/Royal-Canin-Large-Adult-Older/dp/B00CNVBCLA/ref=sr_1_247?keywords=food&qid=1651227716&sr=8-247,https://m.media-amazon.com/images/I/71EAmZyTxWL._AC_UL320_.jpg,Royal Canin Large Adult 5+ Dry Dog Food for Older Dogs| 30 lb bag,110.51,4.7 ,304
https://www.amazon.sg/Steves-Real-Food-Freeze-Dried-Vegetarian/dp/B08DF9WQFW/ref=sr_1_248?keywords=food&qid=1651227716&sr=8-248,https://m.media-amazon.com/images/I/81l03loZt7L._AC_UL320_.jpg,Steve's Real Food Freeze-Dried Raw Food Diet for Dogs and Cats| 2-Pack| Turducken Recipe (Turkey & Duck)| 1.25 lbs in Each Bag| Made in The USA| Pour and Serve Nuggets| Vegetarian Fed & Free Range,,,
https://www.amazon.sg/House-Pets-Jonathan-Adler-FF16470/dp/B08YNZKDJ7/ref=sr_1_241?keywords=food&qid=1651227717&sr=8-241,https://m.media-amazon.com/images/I/71OqoaSM+pL._AC_UL320_.jpg,Now House for Pets by Jonathan Adler Bargello Duo Dog Bowl| Large | Cute Ceramic Dog Food Bowl from Now House by Jonathan Adler| Large Dog Water or Food Bowl (FF16470),,,
https://www.amazon.sg/IAMS-PROACTIVE-HEALTH-Urinary-Chicken/dp/B07DJ7T3RR/ref=sr_1_242?keywords=food&qid=1651227717&sr=8-242,https://m.media-amazon.com/images/I/718U7eRO4TL._AC_UL320_.jpg,IAMS PROACTIVE HEALTH Adult Urinary Tract Health Dry Cat Food with Chicken Cat Kibble| 7 lb. Bag,27.53,4.8 ,6'094
https://www.amazon.sg/Royal-Canin-Large-Adult-Older/dp/B00CNVBCLA/ref=sr_1_243?keywords=food&qid=1651227717&sr=8-243,https://m.media-amazon.com/images/I/71EAmZyTxWL._AC_UL320_.jpg,Royal Canin Large Adult 5+ Dry Dog Food for Older Dogs| 30 lb bag,110.51,4.7 ,304
https://www.amazon.sg/Steves-Real-Food-Freeze-Dried-Vegetarian/dp/B08DF9WQFW/ref=sr_1_244?keywords=food&qid=1651227717&sr=8-244,https://m.media-amazon.com/images/I/81l03loZt7L._AC_UL320_.jpg,Steve's Real Food Freeze-Dried Raw Food Diet for Dogs and Cats| 2-Pack| Turducken Recipe (Turkey & Duck)| 1.25 lbs in Each Bag| Made in The USA| Pour and Serve Nuggets| Vegetarian Fed & Free Range,,,
https://www.amazon.sg/1-5kg-Burgess-Cat-Food-Kitten/dp/B07YSGVKT6/ref=sr_1_245?keywords=food&qid=1651227717&sr=8-245,https://m.media-amazon.com/images/I/51QD2fbuklL._AC_UL320_.jpg,(1.5kg) Burgess Cat Dry Food (Kitten Cat),17.20,4.6 ,741
https://www.amazon.sg/Instinct-Limited-Ingredient-Natural-Natures/dp/B00TTVZ0HY/ref=sr_1_246?keywords=food&qid=1651227717&sr=8-246,https://m.media-amazon.com/images/I/51XEIv0jJvL._AC_UL320_.jpg,Instinct Limited Ingredient Diet Grain Free Real Rabbit Recipe Natural Wet Canned Cat Food by Nature's Variety| 3 oz. Cans (Case of 24),76.89,4.1 ,839
https://www.amazon.sg/Pro-Plan-Protein-Probiotics-Formula/dp/B08VF8F65N/ref=sr_1_247?keywords=food&qid=1651227717&sr=8-247,https://m.media-amazon.com/images/I/814l47kcQGL._AC_UL320_.jpg,Purina Pro Plan High Protein Large Breed Puppy Food with Probiotics| Beef & Rice Formula - 18 lb. Bag,79.02,4.7 ,141
https://www.amazon.sg/Ziwi-Peak-Air-Dried-Stages-Venison/dp/B002AY5BHG/ref=sr_1_248?keywords=food&qid=1651227717&sr=8-248,https://m.media-amazon.com/images/I/61ZHFGNQXVL._AC_UL320_.jpg,(1kg) Ziwi Peak Air-Dried Dog Food for All Life Stages (Venison),,,
https://www.amazon.sg/NZ-Natural-Freeze-Dried-1-2kg/dp/B086Q9GKX3/ref=sr_1_249?keywords=food&qid=1651227717&sr=8-249,https://m.media-amazon.com/images/I/61Gm0QqCE9L._AC_UL320_.jpg,NZ Natural WOOF Freeze Dried Raw Lamb Dog Food 1.2kg|2.6 Pound (Pack of 1),,,
https://www.amazon.sg/Wellness-Natural-Canned-Food-Chicken/dp/B06X6K59N7/ref=sr_1_250?keywords=food&qid=1651227717&sr=8-250,https://m.media-amazon.com/images/I/81B-pr83biL._AC_UL320_.jpg,Wellness Core Natural Grain Free Wet Canned Cat Food| Kitten Turkey & Chicken Liver| 3 Oz Can - 12-Pack,39.07,4.4 ,659
https://www.amazon.sg/Sunseed-Wholesome-Nutrition-Cockatiel-Lovebird/dp/B07Z7BWCQ5/ref=sr_1_251?keywords=food&qid=1651227717&sr=8-251,https://m.media-amazon.com/images/I/818ukyGoL+L._AC_UL320_.jpg,Sunseed Vita Prima Wholesome Nutrition Cockatiel & Lovebird Food| 3 LBS,21.90,4.6 ,101
https://www.amazon.sg/Dongwon-Tuna-Salmon-Cat-Food/dp/B094WQ6GRZ/ref=sr_1_252?keywords=food&qid=1651227717&sr=8-252,https://m.media-amazon.com/images/I/81vzB-MxdFL._AC_UL320_.jpg,Dongwon Tuna & Salmon For Cat (Wet Food) - Korean| 160 g,2.50,5.0 ,1
https://www.amazon.sg/Fancy-Feast-11050952-1-Grilled-Chicken/dp/B0014S4W8I/ref=sr_1_253?keywords=food&qid=1651227717&sr=8-253,https://m.media-amazon.com/images/I/71GhS3ahGhL._AC_UL320_.jpg,Fancy Feast 11050952-1 Grilled Chicken Feast in Gravy Cat Wet Food Can| 85g (Carton of 24),,,
https://www.amazon.sg/Hills-Science-Canine-Sensitive-Stomach/dp/B01BKECF2K/ref=sr_1_254?keywords=food&qid=1651227717&sr=8-254,https://m.media-amazon.com/images/I/818D4W3hy9L._AC_UL320_.jpg,Hill's Science Diet Canine Adult Sensitive Stomach & Skin for Small & Mini Dry Dog Food| 1.8kg,,,
https://www.amazon.sg/Dongwon-Tuna-Crab-meat-Food/dp/B094WSX3RN/ref=sr_1_255?keywords=food&qid=1651227717&sr=8-255,https://m.media-amazon.com/images/I/71vzXrw+ohL._AC_UL320_.jpg,Dongwon Tuna & Crab meat For Cat (Wet Food) - Korean| 160 g,,,
https://www.amazon.sg/Pro-Plan-Formula-Sensitive-Stomach/dp/B07GD996W2/ref=sr_1_256?keywords=food&qid=1651227717&sr=8-256,https://m.media-amazon.com/images/I/71XTSYFS87L._AC_UL320_.jpg,Pro Plan All Size Dog Dry Food| Adult| Salmon Tuna Formula| Sensitive and Skin Stomach| 12 kg,148.50,2.9 ,2
https://www.amazon.sg/Petco-Brand-WholeHearted-Recipe-Flaked/dp/B07BL24ZG6/ref=sr_1_261?keywords=food&qid=1651227717&sr=8-261,https://m.media-amazon.com/images/I/71vxeK7ImAS._AC_UL320_.jpg,Petco Brand - WholeHearted Grain Free Tuna Recipe Flaked in Gravy All Life Stages Wet Cat Food| 2.8 oz.| Case of 12| 12 X 2.8 OZ,29.71,3.1 ,3
https://www.amazon.sg/454g-Ziwi-Peak-Air-Dried-Stages/dp/B00IU0XL58/ref=sr_1_262?keywords=food&qid=1651227717&sr=8-262,https://m.media-amazon.com/images/I/61fhmIMNaeL._AC_UL320_.jpg,(454g) Ziwi Peak Air-Dried Dog Food for All Life Stages (Lamb),49.01,5.0 ,1
https://www.amazon.sg/Purina-ONE-Natural-Tender-Selects/dp/B000R4H2MI/ref=sr_1_263?keywords=food&qid=1651227717&sr=8-263,https://m.media-amazon.com/images/I/71x+CRzYMwL._AC_UL320_.jpg,Purina ONE Natural Dry Cat Food| Tender Selects Blend With Real Salmon - 7 lb. Bag,25.32,4.8 ,9'155
https://www.amazon.sg/Addiction-Wild-Kangaroo-Apples-Ingredient/dp/B00U1SJ7W8/ref=sr_1_264?keywords=food&qid=1651227717&sr=8-264,https://m.media-amazon.com/images/I/814rdrzuOZL._AC_UL320_.jpg,Addiction Wild Kangaroo & Apples - Dry Dog Food - Limited Ingredient Premium Protein - Muscle and Weight Management - Grain-Free - Made in New Zealand - Ideal for Sensitive Dogs - 4 pounds,,,
https://www.amazon.sg/NOW-Foods-Lavender-Oil-Liquid/dp/B0013OXEFK/ref=sr_1_265?keywords=food&qid=1651227717&sr=8-265,https://m.media-amazon.com/images/I/61RpKHgIYdL._AC_UL320_.jpg,NOW Foods Lavender Oil (Liquid)| 4 oz,34.39,4.5 ,4'781
https://www.amazon.sg/Now-Foods-Organic-Butter-207ml/dp/B00FX4BJNU/ref=sr_1_266?keywords=food&qid=1651227717&sr=8-266,https://m.media-amazon.com/images/I/71M01vBxNxL._AC_UL320_.jpg,Now Foods Organic Shea Butter| 207ml,16.90,4.4 ,1'119
https://www.amazon.sg/Now-Foods-Organic-Jojoba-118ml/dp/B0019LTGOU/ref=sr_1_267?keywords=food&qid=1651227717&sr=8-267,https://m.media-amazon.com/images/I/71VN1Lmc-lL._AC_UL320_.jpg,Now Foods Organic Jojoba Oil| 118ml,18.62,4.8 ,30'496
https://www.amazon.sg/Now-Foods-Lavilin-Underarm-Deodorant/dp/B00TDFJZ68/ref=sr_1_268?keywords=food&qid=1651227717&sr=8-268,https://m.media-amazon.com/images/I/718A2PBEpZL._AC_UL320_.jpg,Now Foods Lavilin| Underarm Deodorant Cream| 12.5g,21.27,3.6 ,32
https://www.amazon.sg/Now-Foods-Organic-Argan-59ml/dp/B007CDSFKU/ref=sr_1_269?keywords=food&qid=1651227717&sr=8-269,https://m.media-amazon.com/images/I/61FHRTuHwpL._AC_UL320_.jpg,Now Foods Organic Argan Oil| 59ml,12.11,4.6 ,924
https://www.amazon.sg/Now-Foods-Essential-Oils-Lavender/dp/B0019LVG52/ref=sr_1_270?keywords=food&qid=1651227717&sr=8-270,https://m.media-amazon.com/images/I/61IfwiC2TaL._AC_UL320_.jpg,Now Foods Essential Oils| Lavender and Tea Tree| 30ml,15.90,4.6 ,16'206
https://www.amazon.sg/Now-Foods-Liquid-Coconut-Fractionated/dp/B017DT4HM2/ref=sr_1_271?keywords=food&qid=1651227717&sr=8-271,https://m.media-amazon.com/images/I/61WN9sHG6CL._AC_UL320_.jpg,Now Foods Liquid Coconut Oil| Pure Fractionated| 473ml,16.65,4.8 ,13'385
https://www.amazon.sg/Now-Foods-Essential-Lemongrass-milliliters/dp/B074CG9B6H/ref=sr_1_272?keywords=food&qid=1651227717&sr=8-272,https://m.media-amazon.com/images/I/618PLDAwr-L._AC_UL320_.jpg,Now Foods Organic Essential Oils Lemongrass 30ml| 30 milliliters,8.79,4.6 ,890
https://www.amazon.sg/Now-Foods-Evening-Primrose-118ml/dp/B000X9WXSU/ref=sr_1_273?keywords=food&qid=1651227717&sr=8-273,https://m.media-amazon.com/images/I/715rrj8DiDL._AC_UL320_.jpg,Now Foods Evening Primrose Oil| 118ml,14.83,4.6 ,850
https://www.amazon.sg/Foods-Hyaluronic-Acid-Firming-Serum/dp/B000JLIHAU/ref=sr_1_274?keywords=food&qid=1651227717&sr=8-274,https://m.media-amazon.com/images/I/616qtIxpadL._AC_UL320_.jpg,Now Foods Solutions| Hyaluronic Acid Firming Serum| 30ml,11.55,4.5 ,686
https://www.amazon.sg/Now-Foods-Solutions-Grapeseed-Milliliter/dp/B000RZPVV6/ref=sr_1_275?keywords=food&qid=1651227717&sr=8-275,https://m.media-amazon.com/images/I/61GQJxK46KL._AC_UL320_.jpg,Now Foods Solutions| Grapeseed Oil| 473 Milliliter,12.42,5.0 ,1
https://www.amazon.sg/Now-Foods-Romantic-Essential-Bottles/dp/B01ABWFHEA/ref=sr_1_276?keywords=food&qid=1651227717&sr=8-276,https://m.media-amazon.com/images/I/81iKbWdXdPL._AC_UL320_.jpg,Now Foods Love At First Scent| Romantic Essential Oils Kit| Bottles| 10ml (Pack of 4),31.29,4.5 ,259
https://www.amazon.sg/Food-Grade-Sodium-Bentonite-Clay/dp/B0852P4QPD/ref=sr_1_277?keywords=food&qid=1651227717&sr=8-277,https://m.media-amazon.com/images/I/712CrLIf0nL._AC_UL320_.jpg,Food Grade Sodium Bentonite Clay - Powder - 1 Pound,21.70,4.5 ,651
https://www.amazon.sg/Now-Foods-Essential-Myrrh-Blend/dp/B0019LPNHY/ref=sr_1_278?keywords=food&qid=1651227717&sr=8-278,https://m.media-amazon.com/images/I/61Roz0hJ-SL._AC_UL320_.jpg,Now Foods Essential Oils| Myrrh| 20% Oil Blend| 30ml,11.27,4.4 ,535
https://www.amazon.sg/Alpecin-Sport-Shampoo-250ml/dp/B06XW8TWSQ/ref=sr_1_279?keywords=food&qid=1651227717&sr=8-279,https://m.media-amazon.com/images/I/81e-b6AGIIL._AC_UL320_.jpg,Alpecin Sport Shampoo| 250ml,,,
https://www.amazon.sg/Now-Foods-Essential-Oils-Tree/dp/B0014UFXCA/ref=sr_1_280?keywords=food&qid=1651227717&sr=8-280,https://m.media-amazon.com/images/I/61Ok3j2ECJL._AC_UL320_.jpg,Now Foods Essential Oils| Tea Tree| 30ml,9.23,4.7 ,1'707
https://www.amazon.sg/Dogit-Elevated-Stainless-Steel-73743/dp/B0032GEIQQ/ref=sr_1_281?keywords=food&qid=1651227717&sr=8-281,https://m.media-amazon.com/images/I/7134G0WS0fL._AC_UL320_.jpg,Dogit Elevated Dog Bowl| Stainless Steel Dog Food and Water Bowl for Small Dogs| Blue| 73743,,,
https://www.amazon.sg/Rachael-Ray-Nutrish-Premium-Natural/dp/B001F2GDO4/ref=sr_1_282?keywords=food&qid=1651227717&sr=8-282,https://m.media-amazon.com/images/I/81Dg6bRLv4L._AC_UL320_.jpg,Rachael Ray Nutrish Premium Natural Dry Dog Food| Real Beef| Pea| & Brown Rice Recipe| 6 Pounds,,,
https://www.amazon.sg/Purina-Pro-Plan-Protein-Variety/dp/B07KYRSJ5L/ref=sr_1_283?keywords=food&qid=1651227717&sr=8-283,https://m.media-amazon.com/images/I/71y2Ixnm5sL._AC_UL320_.jpg,Purina Pro Plan Grain Free| High Protein Wet Dog Food| SAVOR Entree Variety Pack - (12) 13 oz. Cans,45.12,4.6 ,1'085
https://www.amazon.sg/Augason-Farms-Dinner-Emergency-25-Year/dp/B08X4XD4PX/ref=sr_1_284?keywords=food&qid=1651227717&sr=8-284,https://m.media-amazon.com/images/I/81Dto++21hL._AC_UL320_.jpg,Augason Farms READY PLUS Lunch and Dinner Emergency Food Supply | 25-Year Shelf Life,58.72,4.6 ,9
https://www.amazon.sg/IRPRUS-original-emergency-survival-military/dp/B01FPLP1QQ/ref=sr_1_285?keywords=food&qid=1651227717&sr=8-285,https://m.media-amazon.com/images/I/51mHE+s-+AL._AC_UL320_.jpg,IRPRUS RUSSIAN 72H army original emergency food set of 3 rations survival military food bars 2400Kcal,30.25,4.1 ,110
https://www.amazon.sg/SOS-Food-Labs-Inc-185000825/dp/B075TXP1P5/ref=sr_1_286?keywords=food&qid=1651227717&sr=8-286,https://m.media-amazon.com/images/I/91S-sU1b3LL._AC_UL320_.jpg,SOS Food Labs| Inc. 185000825 S.O.S. Rations Emergency 3600 Calorie Food bar - 3 Day/ 72 Hour Package with 5 Year Shelf Life| 5" Height| 2" Wide| 4.5" Length,,,
https://www.amazon.sg/Disposable-Polyethylene-Non-Sterile-Cleaning-Dishwashing/dp/B0876T2HGL/ref=sr_1_287?keywords=food&qid=1651227717&smid=AY8H7ABN88ACP&sr=8-287,https://m.media-amazon.com/images/I/5175BYCFOOL._AC_UL320_.jpg,Disposable Plastic Gloves| Latex Free Powder Free Clear Polyethylene Hand Gloves Non-Sterile for Cleaning- Cooking,11.04,4.1 ,1'520
https://www.amazon.sg/Disposable-Food-Prep-Gloves-Transparent/dp/B08CMKDV8J/ref=sr_1_288?keywords=food&qid=1651227717&sr=8-288,https://m.media-amazon.com/images/I/71AcxBSqFSL._AC_UL320_.jpg,Disposable Food Prep Gloves - 500 Piece Plastic Food Safe Disposable Gloves for Kitchen Cooking Cleaning Food Handling| Transparent| One Size Fits Most (500 PCS),16.99,3.4 ,6
https://www.amazon.sg/PCS%EF%BC%89MST-Home-Disposable-Gloves-latex/dp/B09TPR3TNC/ref=sr_1_289?keywords=food&qid=1651227717&sr=8-289,https://m.media-amazon.com/images/I/61PChwvCA+L._AC_UL320_.jpg,(500 PCS）MST Home Disposable Food Prep Gloves latex free - 500 Piece Plastic Food Safe Disposable Gloves| Food Handling| One Size Fits Most,,,
https://www.amazon.sg/Disposable-Food-Prep-Gloves-Handling/dp/B09SXXNT1M/ref=sr_1_290?keywords=food&qid=1651227717&sr=8-290,https://m.media-amazon.com/images/I/518HZfUgtoL._AC_UL320_.jpg,Disposable Food Prep Gloves - Best Value Cooking Gloves Plastic Food Safe Disposable Gloves| Food Handling| One Size Fits Most (600 PCS）,,,
https://www.amazon.sg/ReadyWise-Freeze-Dried-Survival-Food-Preparedness-Variety-Pack/dp/B004JT7F8I/ref=sr_1_291?keywords=food&qid=1651227717&sr=8-291,https://m.media-amazon.com/images/I/616xwEzsHQL._AC_UL320_.jpg,ReadyWise Emergency Food Supply| Freeze-Dried Survival-Food Disaster Kit for Hurricane Preparedness| Camping Food| Prepper Supplies| Emergency Supplies| Entrée Variety-Pack Bucket| 120 Servings,,,
https://www.amazon.sg/Klean-Kanteen-KSETFB-MIX-E-Food-Box/dp/B08DRNR1TM/ref=sr_1_292?keywords=food&qid=1651227717&sr=8-292,https://m.media-amazon.com/images/I/51xqFpwQRFL._AC_UL320_.jpg,Food Box Set,64.36,4.7 ,12
https://www.amazon.sg/ReadyWise-Freeze-Dried-Survival-Food-Preparedness-Variety-Pack/dp/B004JT7F8I/ref=sr_1_289?keywords=food&qid=1651227719&sr=8-289,https://m.media-amazon.com/images/I/616xwEzsHQL._AC_UL320_.jpg,ReadyWise Emergency Food Supply| Freeze-Dried Survival-Food Disaster Kit for Hurricane Preparedness| Camping Food| Prepper Supplies| Emergency Supplies| Entrée Variety-Pack Bucket| 120 Servings,,,
https://www.amazon.sg/Klean-Kanteen-KSETFB-MIX-E-Food-Box/dp/B08DRNR1TM/ref=sr_1_290?keywords=food&qid=1651227719&sr=8-290,https://m.media-amazon.com/images/I/51xqFpwQRFL._AC_UL320_.jpg,Food Box Set,64.36,4.7 ,12
https://www.amazon.sg/Now-Foods-Protein-Concentrate-Unflavored/dp/B00KYKLQ3Q/ref=sr_1_291?keywords=food&qid=1651227719&sr=8-291,https://m.media-amazon.com/images/I/71VfnU3rgbL._AC_UL320_.jpg,Now Foods Whey Protein Concentrate| Unflavored| 1.5 lbs (680 g),37.50,4.4 ,259
https://www.amazon.sg/Now-Foods-Protein-Creamy-Vanilla/dp/B005551JXM/ref=sr_1_292?keywords=food&qid=1651227719&sr=8-292,https://m.media-amazon.com/images/I/71pPDpzW6fL._AC_UL320_.jpg,Now Foods Egg White Protein| Creamy Vanilla| 680 Grams,42.56,4.2 ,181
https://www.amazon.sg/Now-Foods-Protein-Natural-Unflavored/dp/B001DB4MFO/ref=sr_1_293?keywords=food&qid=1651227719&sr=8-293,https://m.media-amazon.com/images/I/71DmerPRLYL._AC_UL320_.jpg,Now Foods Sports| Pea Protein| Natural Unflavored| 907g,30.43,4.3 ,4'701
https://www.amazon.sg/Stanley-Classic-Vacuum-Hammertone-Green/dp/B000FZX944/ref=sr_1_294?keywords=food&qid=1651227719&sr=8-294,https://m.media-amazon.com/images/I/71eY5FT+cML._AC_UL320_.jpg,Stanley Classic Vacuum Food Jar 24oz Hammertone Green,47.22,4.8 ,6'363
https://www.amazon.sg/Augason-Farms-Tomato-Emergency-Storage/dp/B0096GJWL2/ref=sr_1_295?keywords=food&qid=1651227719&sr=8-295,https://m.media-amazon.com/images/I/81B6KTB6m5L._AC_UL320_.jpg,Augason Farms Tomato Powder Emergency Food Storage 3 lbs 10 oz,58.42,4.8 ,1'295
https://www.amazon.sg/Rations-Emergency-Calorie-Food-Cinnamon/dp/B01HPGX1QG/ref=sr_1_296?keywords=food&qid=1651227719&sr=8-296,https://m.media-amazon.com/images/I/51iCK9a7ozL._AC_UL320_.jpg,S.O.S. Rations Emergency 3600 Calorie Food Bar (Cinnamon + Coconut| 2 Pack),,,
https://www.amazon.sg/Augason-Farms-Emergency-Survival-5-32202/dp/B06Y2H9DR3/ref=sr_1_297?keywords=food&qid=1651227719&sr=8-297,https://m.media-amazon.com/images/I/81ll5e4w0PL._AC_UL320_.jpg,Augason Farms 2 Week 1 Person Emergency Food Pail Survival Food 4 Gallon Pail (5-32202)| 24lbs,176.26,4.6 ,705
https://www.amazon.sg/Augason-Farms-Dehydrated-Spinach-Flakes/dp/B0096HN3J8/ref=sr_1_298?keywords=food&qid=1651227719&sr=8-298,https://m.media-amazon.com/images/I/81KcrDWIRoL._AC_UL320_.jpg,Augason Farms Dehydrated Spinach Flakes 8 oz No. 10 Can,24.73,4.7 ,464
https://www.amazon.sg/Now-Foods-Organic-Protein-Unflavored/dp/B00RLLPAGK/ref=sr_1_299?keywords=food&qid=1651227719&sr=8-299,https://m.media-amazon.com/images/I/71TYMOEQHTL._AC_UL320_.jpg,Now Foods Organic Pea Protein| Natural Unflavored| 1.5 lbs (680 g),29.18,4.3 ,695
https://www.amazon.sg/BV-Insulated-Shoulder-Quick-Access-Opening/dp/B00TT4LEBC/ref=sr_1_300?keywords=food&qid=1651227719&sr=8-300,https://m.media-amazon.com/images/I/91fHojackaL._AC_UL320_.jpg,BV Insulated Trunk Cooler Bag for Warm or Cold Items| Shoulder Strap & Quick-Access Lid Opening| BA2,62.55,4.7 ,336
https://www.amazon.sg/Hydro-Flask-Insulated-Food-Bilberry/dp/B09BZ6PSB2/ref=sr_1_301?keywords=food&qid=1651227719&sr=8-301,https://m.media-amazon.com/images/I/71VMSKEKRqL._AC_UL320_.jpg,Hydro Flask 28 OZ Insulated Food JAR Bilberry,54.84,4.4 ,570
https://www.amazon.sg/Klean-Kanteen-16-Ounce-Stainless-Steel/dp/B0060FM4GC/ref=sr_1_302?keywords=food&qid=1651227719&sr=8-302,https://m.media-amazon.com/images/I/71EDKAOoyUL._AC_UL320_.jpg,Klean Kanteen 16-Ounce Stainless Steel Pint Cup (1 unit),17.82,4.6 ,186
https://www.amazon.sg/Stanley-10-02345-008-Adventure-French-Silver/dp/B07L6MLC6J/ref=sr_1_303?keywords=food&qid=1651227719&sr=8-303,https://m.media-amazon.com/images/I/61z4dUaJ15L._AC_UL320_.jpg,Stanley Adventure All-in-One| Boil + Brewer French Press Coffee Maker - 32oz BPA Free Campfire Coffee Pot Heats up Tea or Soup - Great for Camping and Travel – Dishwasher Safe|,63.47,4.7 ,5'217
https://www.amazon.sg/Nutrition-Protein-Isolate-Vanilla-1-8-Pound/dp/B0013P1HVC/ref=sr_1_304?keywords=food&qid=1651227719&sr=8-304,https://m.media-amazon.com/images/I/71PkORQaYeL._AC_UL320_.jpg,NOW Sports Nutrition| Whey Protein Isolate| 25 G With BCAAs| Creamy Vanilla Powder| 1.8-Pound,45.27,4.4 ,190
https://www.amazon.sg/Stanley-Legendary-Classic-Insulated-Hammertone/dp/B07L6PKC4K/ref=sr_1_307?keywords=food&qid=1651227719&sr=8-307,https://m.media-amazon.com/images/I/613T0CQNKfL._AC_UL320_.jpg,Stanley Vacuum Insulated Large Food Jar| 18/8 Stainless Steel Food Jar for Cold and Hot Food| Soup Thermos with Leak Proof Lid Doubles as Cup| Wide Mouth Food Thermos,51.42,4.7 ,1'295
https://www.amazon.sg/Now-Foods-Nac-Acetyl-Cysteine-600Mg/dp/B00WJ08C3G/ref=sr_1_308?keywords=food&qid=1651227719&sr=8-308,https://m.media-amazon.com/images/I/61FOEzXTsKL._AC_UL320_.jpg,Now Foods Nac-Acetyl Cysteine 600Mg| 250 Vcaps (500 (250X2)),76.75,5.0 ,1
