Image_Url, Item_Name, Username, Rating_Score (Max Score is 5), Review_Date 
https://m.media-amazon.com/images/I/31ryNRZHzuL._AC_US60_SCLZZZZZZZ__.jpg,Sabrent Lavalier/Lapel Clip-on Omnidirectional Condenser Microphone for iPhone & Android Smartphones or Any Other Mobile Device (AU-SMCR),Manu Black Panther,1.0 ,Italy on 15 July 2017
https://m.media-amazon.com/images/I/31ryNRZHzuL._AC_US60_SCLZZZZZZZ__.jpg,Sabrent Lavalier/Lapel Clip-on Omnidirectional Condenser Microphone for iPhone & Android Smartphones or Any Other Mobile Device (AU-SMCR),Luigi Guido,4.0 ,Italy on 6 April 2018
https://m.media-amazon.com/images/I/31ryNRZHzuL._AC_US60_SCLZZZZZZZ__.jpg,Sabrent Lavalier/Lapel Clip-on Omnidirectional Condenser Microphone for iPhone & Android Smartphones or Any Other Mobile Device (AU-SMCR),LLV,5.0 ,Germany on 4 November 2017
https://m.media-amazon.com/images/I/31ryNRZHzuL._AC_US60_SCLZZZZZZZ__.jpg,Sabrent Lavalier/Lapel Clip-on Omnidirectional Condenser Microphone for iPhone & Android Smartphones or Any Other Mobile Device (AU-SMCR),Francesco Boes,5.0 ,Italy on 16 January 2021
https://m.media-amazon.com/images/I/31ryNRZHzuL._AC_US60_SCLZZZZZZZ__.jpg,Sabrent Lavalier/Lapel Clip-on Omnidirectional Condenser Microphone for iPhone & Android Smartphones or Any Other Mobile Device (AU-SMCR),Thomas Freud,5.0 ,Germany on 10 September 2021
https://m.media-amazon.com/images/I/31ryNRZHzuL._AC_US60_SCLZZZZZZZ__.jpg,Sabrent Lavalier/Lapel Clip-on Omnidirectional Condenser Microphone for iPhone & Android Smartphones or Any Other Mobile Device (AU-SMCR),eLLeGi,5.0 ,Italy on 22 January 2021
https://m.media-amazon.com/images/I/31ryNRZHzuL._AC_US60_SCLZZZZZZZ__.jpg,Sabrent Lavalier/Lapel Clip-on Omnidirectional Condenser Microphone for iPhone & Android Smartphones or Any Other Mobile Device (AU-SMCR),AG,1.0 ,Germany on 5 July 2017
https://m.media-amazon.com/images/I/31ryNRZHzuL._AC_US60_SCLZZZZZZZ__.jpg,Sabrent Lavalier/Lapel Clip-on Omnidirectional Condenser Microphone for iPhone & Android Smartphones or Any Other Mobile Device (AU-SMCR),Luigi,5.0 ,Italy on 9 July 2020
https://m.media-amazon.com/images/I/31ryNRZHzuL._AC_US60_SCLZZZZZZZ__.jpg,Sabrent Lavalier/Lapel Clip-on Omnidirectional Condenser Microphone for iPhone & Android Smartphones or Any Other Mobile Device (AU-SMCR),Davide Marra,4.0 ,Italy on 19 February 2017
https://m.media-amazon.com/images/I/31ryNRZHzuL._AC_US60_SCLZZZZZZZ__.jpg,Sabrent Lavalier/Lapel Clip-on Omnidirectional Condenser Microphone for iPhone & Android Smartphones or Any Other Mobile Device (AU-SMCR),loris,5.0 ,Italy on 23 May 2019
https://m.media-amazon.com/images/I/31ryNRZHzuL._AC_US60_SCLZZZZZZZ__.jpg,Sabrent Lavalier/Lapel Clip-on Omnidirectional Condenser Microphone for iPhone & Android Smartphones or Any Other Mobile Device (AU-SMCR),Marcello P.,5.0 ,Italy on 11 August 2020
https://m.media-amazon.com/images/I/31ryNRZHzuL._AC_US60_SCLZZZZZZZ__.jpg,Sabrent Lavalier/Lapel Clip-on Omnidirectional Condenser Microphone for iPhone & Android Smartphones or Any Other Mobile Device (AU-SMCR),ART FLY Hesselbarth,5.0 ,Germany on 29 July 2017
https://m.media-amazon.com/images/I/31ryNRZHzuL._AC_US60_SCLZZZZZZZ__.jpg,Sabrent Lavalier/Lapel Clip-on Omnidirectional Condenser Microphone for iPhone & Android Smartphones or Any Other Mobile Device (AU-SMCR),Gabriele Radini,5.0 ,Italy on 24 August 2021
https://m.media-amazon.com/images/I/31ryNRZHzuL._AC_US60_SCLZZZZZZZ__.jpg,Sabrent Lavalier/Lapel Clip-on Omnidirectional Condenser Microphone for iPhone & Android Smartphones or Any Other Mobile Device (AU-SMCR),Erwan Gueguen,5.0 ,France on 18 February 2017
https://m.media-amazon.com/images/I/31ryNRZHzuL._AC_US60_SCLZZZZZZZ__.jpg,Sabrent Lavalier/Lapel Clip-on Omnidirectional Condenser Microphone for iPhone & Android Smartphones or Any Other Mobile Device (AU-SMCR),Mariangela,4.0 ,Italy on 19 August 2020
https://m.media-amazon.com/images/I/31ryNRZHzuL._AC_US60_SCLZZZZZZZ__.jpg,Sabrent Lavalier/Lapel Clip-on Omnidirectional Condenser Microphone for iPhone & Android Smartphones or Any Other Mobile Device (AU-SMCR),Isidro Ruiz Vargas,1.0 ,Mexico on 28 March 2020
https://m.media-amazon.com/images/I/31ryNRZHzuL._AC_US60_SCLZZZZZZZ__.jpg,Sabrent Lavalier/Lapel Clip-on Omnidirectional Condenser Microphone for iPhone & Android Smartphones or Any Other Mobile Device (AU-SMCR),marcoco69,1.0 ,Italy on 24 April 2020
https://m.media-amazon.com/images/I/31ryNRZHzuL._AC_US60_SCLZZZZZZZ__.jpg,Sabrent Lavalier/Lapel Clip-on Omnidirectional Condenser Microphone for iPhone & Android Smartphones or Any Other Mobile Device (AU-SMCR),FraLOLfuuu,5.0 ,Italy on 27 January 2021
https://m.media-amazon.com/images/I/31ryNRZHzuL._AC_US60_SCLZZZZZZZ__.jpg,Sabrent Lavalier/Lapel Clip-on Omnidirectional Condenser Microphone for iPhone & Android Smartphones or Any Other Mobile Device (AU-SMCR),hamidreza khalili,1.0 ,Italy on 22 February 2018
https://m.media-amazon.com/images/I/31ryNRZHzuL._AC_US60_SCLZZZZZZZ__.jpg,Sabrent Lavalier/Lapel Clip-on Omnidirectional Condenser Microphone for iPhone & Android Smartphones or Any Other Mobile Device (AU-SMCR),Stefano,4.0 ,Italy on 8 January 2018
https://m.media-amazon.com/images/I/31ryNRZHzuL._AC_US60_SCLZZZZZZZ__.jpg,Sabrent Lavalier/Lapel Clip-on Omnidirectional Condenser Microphone for iPhone & Android Smartphones or Any Other Mobile Device (AU-SMCR),Diego,5.0 ,Italy on 25 January 2018
https://m.media-amazon.com/images/I/31ryNRZHzuL._AC_US60_SCLZZZZZZZ__.jpg,Sabrent Lavalier/Lapel Clip-on Omnidirectional Condenser Microphone for iPhone & Android Smartphones or Any Other Mobile Device (AU-SMCR),Amanda,5.0 ,Canada on 14 June 2020
https://m.media-amazon.com/images/I/31ryNRZHzuL._AC_US60_SCLZZZZZZZ__.jpg,Sabrent Lavalier/Lapel Clip-on Omnidirectional Condenser Microphone for iPhone & Android Smartphones or Any Other Mobile Device (AU-SMCR),Robert Romiti,5.0 ,Italy on 3 May 2020
https://m.media-amazon.com/images/I/31ryNRZHzuL._AC_US60_SCLZZZZZZZ__.jpg,Sabrent Lavalier/Lapel Clip-on Omnidirectional Condenser Microphone for iPhone & Android Smartphones or Any Other Mobile Device (AU-SMCR),Sangeeth,5.0 ,Italy on 23 November 2020
https://m.media-amazon.com/images/I/31ryNRZHzuL._AC_US60_SCLZZZZZZZ__.jpg,Sabrent Lavalier/Lapel Clip-on Omnidirectional Condenser Microphone for iPhone & Android Smartphones or Any Other Mobile Device (AU-SMCR),Chicco Fanzecco,5.0 ,Italy on 7 May 2018
https://m.media-amazon.com/images/I/31ryNRZHzuL._AC_US60_SCLZZZZZZZ__.jpg,Sabrent Lavalier/Lapel Clip-on Omnidirectional Condenser Microphone for iPhone & Android Smartphones or Any Other Mobile Device (AU-SMCR),SparkingJin,5.0 ,Italy on 1 February 2021
https://m.media-amazon.com/images/I/31ryNRZHzuL._AC_US60_SCLZZZZZZZ__.jpg,Sabrent Lavalier/Lapel Clip-on Omnidirectional Condenser Microphone for iPhone & Android Smartphones or Any Other Mobile Device (AU-SMCR),Apollo,5.0 ,Italy on 5 May 2020
https://m.media-amazon.com/images/I/31ryNRZHzuL._AC_US60_SCLZZZZZZZ__.jpg,Sabrent Lavalier/Lapel Clip-on Omnidirectional Condenser Microphone for iPhone & Android Smartphones or Any Other Mobile Device (AU-SMCR),Federico D.,4.0 ,Italy on 14 October 2018
https://m.media-amazon.com/images/I/31ryNRZHzuL._AC_US60_SCLZZZZZZZ__.jpg,Sabrent Lavalier/Lapel Clip-on Omnidirectional Condenser Microphone for iPhone & Android Smartphones or Any Other Mobile Device (AU-SMCR),andrea,4.0 ,Italy on 15 April 2020
https://m.media-amazon.com/images/I/31ryNRZHzuL._AC_US60_SCLZZZZZZZ__.jpg,Sabrent Lavalier/Lapel Clip-on Omnidirectional Condenser Microphone for iPhone & Android Smartphones or Any Other Mobile Device (AU-SMCR),MiticoSnake,5.0 ,Italy on 18 June 2018
https://m.media-amazon.com/images/I/31ryNRZHzuL._AC_US60_SCLZZZZZZZ__.jpg,Sabrent Lavalier/Lapel Clip-on Omnidirectional Condenser Microphone for iPhone & Android Smartphones or Any Other Mobile Device (AU-SMCR),Andrea Zaffanella,4.0 ,Italy on 5 March 2018
https://m.media-amazon.com/images/I/31ryNRZHzuL._AC_US60_SCLZZZZZZZ__.jpg,Sabrent Lavalier/Lapel Clip-on Omnidirectional Condenser Microphone for iPhone & Android Smartphones or Any Other Mobile Device (AU-SMCR),JohnnyBeGood,5.0 ,Italy on 30 September 2019
https://m.media-amazon.com/images/I/31ryNRZHzuL._AC_US60_SCLZZZZZZZ__.jpg,Sabrent Lavalier/Lapel Clip-on Omnidirectional Condenser Microphone for iPhone & Android Smartphones or Any Other Mobile Device (AU-SMCR),Antonello R.,5.0 ,Italy on 5 November 2021
https://m.media-amazon.com/images/I/31ryNRZHzuL._AC_US60_SCLZZZZZZZ__.jpg,Sabrent Lavalier/Lapel Clip-on Omnidirectional Condenser Microphone for iPhone & Android Smartphones or Any Other Mobile Device (AU-SMCR),old,3.0 ,Italy on 31 December 2020
https://m.media-amazon.com/images/I/31ryNRZHzuL._AC_US60_SCLZZZZZZZ__.jpg,Sabrent Lavalier/Lapel Clip-on Omnidirectional Condenser Microphone for iPhone & Android Smartphones or Any Other Mobile Device (AU-SMCR),Thomas #upme2,5.0 ,Italy on 16 September 2017
https://m.media-amazon.com/images/I/31ryNRZHzuL._AC_US60_SCLZZZZZZZ__.jpg,Sabrent Lavalier/Lapel Clip-on Omnidirectional Condenser Microphone for iPhone & Android Smartphones or Any Other Mobile Device (AU-SMCR),Franco S.,5.0 ,Italy on 18 August 2017
https://m.media-amazon.com/images/I/31ryNRZHzuL._AC_US60_SCLZZZZZZZ__.jpg,Sabrent Lavalier/Lapel Clip-on Omnidirectional Condenser Microphone for iPhone & Android Smartphones or Any Other Mobile Device (AU-SMCR),Bart,5.0 ,Italy on 15 September 2017
https://m.media-amazon.com/images/I/31ryNRZHzuL._AC_US60_SCLZZZZZZZ__.jpg,Sabrent Lavalier/Lapel Clip-on Omnidirectional Condenser Microphone for iPhone & Android Smartphones or Any Other Mobile Device (AU-SMCR),Cliente Amazon,5.0 ,Italy on 24 April 2020
https://m.media-amazon.com/images/I/31ryNRZHzuL._AC_US60_SCLZZZZZZZ__.jpg,Sabrent Lavalier/Lapel Clip-on Omnidirectional Condenser Microphone for iPhone & Android Smartphones or Any Other Mobile Device (AU-SMCR),Dario Cappellari,4.0 ,Italy on 24 April 2020
https://m.media-amazon.com/images/I/31ryNRZHzuL._AC_US60_SCLZZZZZZZ__.jpg,Sabrent Lavalier/Lapel Clip-on Omnidirectional Condenser Microphone for iPhone & Android Smartphones or Any Other Mobile Device (AU-SMCR),Zappioneer,5.0 ,Italy on 7 December 2019
https://m.media-amazon.com/images/I/31ryNRZHzuL._AC_US60_SCLZZZZZZZ__.jpg,Sabrent Lavalier/Lapel Clip-on Omnidirectional Condenser Microphone for iPhone & Android Smartphones or Any Other Mobile Device (AU-SMCR),Nicola Garau,5.0 ,Italy on 4 December 2017
https://m.media-amazon.com/images/I/31ryNRZHzuL._AC_US60_SCLZZZZZZZ__.jpg,Sabrent Lavalier/Lapel Clip-on Omnidirectional Condenser Microphone for iPhone & Android Smartphones or Any Other Mobile Device (AU-SMCR),Pc52,5.0 ,Italy on 12 February 2017
https://m.media-amazon.com/images/I/31ryNRZHzuL._AC_US60_SCLZZZZZZZ__.jpg,Sabrent Lavalier/Lapel Clip-on Omnidirectional Condenser Microphone for iPhone & Android Smartphones or Any Other Mobile Device (AU-SMCR),simone,3.0 ,Italy on 4 March 2021
https://m.media-amazon.com/images/I/31ryNRZHzuL._AC_US60_SCLZZZZZZZ__.jpg,Sabrent Lavalier/Lapel Clip-on Omnidirectional Condenser Microphone for iPhone & Android Smartphones or Any Other Mobile Device (AU-SMCR),Angelo,4.0 ,Italy on 7 March 2018
https://m.media-amazon.com/images/I/31ryNRZHzuL._AC_US60_SCLZZZZZZZ__.jpg,Sabrent Lavalier/Lapel Clip-on Omnidirectional Condenser Microphone for iPhone & Android Smartphones or Any Other Mobile Device (AU-SMCR),Giuseppe,4.0 ,Italy on 17 April 2017
https://m.media-amazon.com/images/I/31ryNRZHzuL._AC_US60_SCLZZZZZZZ__.jpg,Sabrent Lavalier/Lapel Clip-on Omnidirectional Condenser Microphone for iPhone & Android Smartphones or Any Other Mobile Device (AU-SMCR),Ilaria,1.0 ,Italy on 5 May 2020
https://m.media-amazon.com/images/I/31ryNRZHzuL._AC_US60_SCLZZZZZZZ__.jpg,Sabrent Lavalier/Lapel Clip-on Omnidirectional Condenser Microphone for iPhone & Android Smartphones or Any Other Mobile Device (AU-SMCR),EliTra,5.0 ,Italy on 19 January 2018
https://m.media-amazon.com/images/I/31ryNRZHzuL._AC_US60_SCLZZZZZZZ__.jpg,Sabrent Lavalier/Lapel Clip-on Omnidirectional Condenser Microphone for iPhone & Android Smartphones or Any Other Mobile Device (AU-SMCR),Faris Zupcevic,2.0 ,Germany on 27 September 2017
https://m.media-amazon.com/images/I/31ryNRZHzuL._AC_US60_SCLZZZZZZZ__.jpg,Sabrent Lavalier/Lapel Clip-on Omnidirectional Condenser Microphone for iPhone & Android Smartphones or Any Other Mobile Device (AU-SMCR),Nickpa,4.0 ,Italy on 4 January 2018
https://m.media-amazon.com/images/I/31ryNRZHzuL._AC_US60_SCLZZZZZZZ__.jpg,Sabrent Lavalier/Lapel Clip-on Omnidirectional Condenser Microphone for iPhone & Android Smartphones or Any Other Mobile Device (AU-SMCR),Giovanni Di Mauro,5.0 ,Italy on 27 June 2019
https://m.media-amazon.com/images/I/31ryNRZHzuL._AC_US60_SCLZZZZZZZ__.jpg,Sabrent Lavalier/Lapel Clip-on Omnidirectional Condenser Microphone for iPhone & Android Smartphones or Any Other Mobile Device (AU-SMCR),Visca GF.,1.0 ,Italy on 2 May 2020
https://m.media-amazon.com/images/I/31ryNRZHzuL._AC_US60_SCLZZZZZZZ__.jpg,Sabrent Lavalier/Lapel Clip-on Omnidirectional Condenser Microphone for iPhone & Android Smartphones or Any Other Mobile Device (AU-SMCR),Andrea Corradi,4.0 ,Italy on 16 November 2021
https://m.media-amazon.com/images/I/31ryNRZHzuL._AC_US60_SCLZZZZZZZ__.jpg,Sabrent Lavalier/Lapel Clip-on Omnidirectional Condenser Microphone for iPhone & Android Smartphones or Any Other Mobile Device (AU-SMCR),Elena,2.0 ,Italy on 10 June 2020
https://m.media-amazon.com/images/I/31ryNRZHzuL._AC_US60_SCLZZZZZZZ__.jpg,Sabrent Lavalier/Lapel Clip-on Omnidirectional Condenser Microphone for iPhone & Android Smartphones or Any Other Mobile Device (AU-SMCR),XPG,1.0 ,Italy on 3 May 2020
https://m.media-amazon.com/images/I/31ryNRZHzuL._AC_US60_SCLZZZZZZZ__.jpg,Sabrent Lavalier/Lapel Clip-on Omnidirectional Condenser Microphone for iPhone & Android Smartphones or Any Other Mobile Device (AU-SMCR),Ko,1.0 ,Italy on 3 April 2019
https://m.media-amazon.com/images/I/31ryNRZHzuL._AC_US60_SCLZZZZZZZ__.jpg,Sabrent Lavalier/Lapel Clip-on Omnidirectional Condenser Microphone for iPhone & Android Smartphones or Any Other Mobile Device (AU-SMCR),Alessandro Lafratta,4.0 ,Italy on 27 April 2017
https://m.media-amazon.com/images/I/31ryNRZHzuL._AC_US60_SCLZZZZZZZ__.jpg,Sabrent Lavalier/Lapel Clip-on Omnidirectional Condenser Microphone for iPhone & Android Smartphones or Any Other Mobile Device (AU-SMCR),FaLvision Editore,5.0 ,Italy on 20 June 2017
https://m.media-amazon.com/images/I/31ryNRZHzuL._AC_US60_SCLZZZZZZZ__.jpg,Sabrent Lavalier/Lapel Clip-on Omnidirectional Condenser Microphone for iPhone & Android Smartphones or Any Other Mobile Device (AU-SMCR),Pistakkio,4.0 ,Italy on 13 May 2017
https://m.media-amazon.com/images/I/31ryNRZHzuL._AC_US60_SCLZZZZZZZ__.jpg,Sabrent Lavalier/Lapel Clip-on Omnidirectional Condenser Microphone for iPhone & Android Smartphones or Any Other Mobile Device (AU-SMCR),M. Mond,5.0 ,Mexico on 21 November 2019
https://m.media-amazon.com/images/I/31ryNRZHzuL._AC_US60_SCLZZZZZZZ__.jpg,Sabrent Lavalier/Lapel Clip-on Omnidirectional Condenser Microphone for iPhone & Android Smartphones or Any Other Mobile Device (AU-SMCR),cruzing,3.0 ,Canada on 9 September 2021
https://m.media-amazon.com/images/I/31ryNRZHzuL._AC_US60_SCLZZZZZZZ__.jpg,Sabrent Lavalier/Lapel Clip-on Omnidirectional Condenser Microphone for iPhone & Android Smartphones or Any Other Mobile Device (AU-SMCR),Peppe Pascale,5.0 ,Italy on 29 July 2021
https://m.media-amazon.com/images/I/31ryNRZHzuL._AC_US60_SCLZZZZZZZ__.jpg,Sabrent Lavalier/Lapel Clip-on Omnidirectional Condenser Microphone for iPhone & Android Smartphones or Any Other Mobile Device (AU-SMCR),Francesco,5.0 ,Italy on 27 April 2021
https://m.media-amazon.com/images/I/31ryNRZHzuL._AC_US60_SCLZZZZZZZ__.jpg,Sabrent Lavalier/Lapel Clip-on Omnidirectional Condenser Microphone for iPhone & Android Smartphones or Any Other Mobile Device (AU-SMCR),mwbitaly,5.0 ,Italy on 2 June 2017
https://m.media-amazon.com/images/I/31ryNRZHzuL._AC_US60_SCLZZZZZZZ__.jpg,Sabrent Lavalier/Lapel Clip-on Omnidirectional Condenser Microphone for iPhone & Android Smartphones or Any Other Mobile Device (AU-SMCR),Client d'Amazon,4.0 ,France on 4 May 2017
https://m.media-amazon.com/images/I/31ryNRZHzuL._AC_US60_SCLZZZZZZZ__.jpg,Sabrent Lavalier/Lapel Clip-on Omnidirectional Condenser Microphone for iPhone & Android Smartphones or Any Other Mobile Device (AU-SMCR),Mister Bumblebee,1.0 ,Germany on 16 September 2017
https://m.media-amazon.com/images/I/31ryNRZHzuL._AC_US60_SCLZZZZZZZ__.jpg,Sabrent Lavalier/Lapel Clip-on Omnidirectional Condenser Microphone for iPhone & Android Smartphones or Any Other Mobile Device (AU-SMCR),Giuls,5.0 ,Italy on 24 July 2020
https://m.media-amazon.com/images/I/31ryNRZHzuL._AC_US60_SCLZZZZZZZ__.jpg,Sabrent Lavalier/Lapel Clip-on Omnidirectional Condenser Microphone for iPhone & Android Smartphones or Any Other Mobile Device (AU-SMCR),Alfredo C.,5.0 ,Italy on 24 November 2020
https://m.media-amazon.com/images/I/31ryNRZHzuL._AC_US60_SCLZZZZZZZ__.jpg,Sabrent Lavalier/Lapel Clip-on Omnidirectional Condenser Microphone for iPhone & Android Smartphones or Any Other Mobile Device (AU-SMCR),barbara,5.0 ,Italy on 27 April 2020
https://m.media-amazon.com/images/I/31ryNRZHzuL._AC_US60_SCLZZZZZZZ__.jpg,Sabrent Lavalier/Lapel Clip-on Omnidirectional Condenser Microphone for iPhone & Android Smartphones or Any Other Mobile Device (AU-SMCR),Alexi,4.0 ,Italy on 1 June 2017
https://m.media-amazon.com/images/I/31ryNRZHzuL._AC_US60_SCLZZZZZZZ__.jpg,Sabrent Lavalier/Lapel Clip-on Omnidirectional Condenser Microphone for iPhone & Android Smartphones or Any Other Mobile Device (AU-SMCR),Cristian,5.0 ,Italy on 9 February 2017
https://m.media-amazon.com/images/I/31ryNRZHzuL._AC_US60_SCLZZZZZZZ__.jpg,Sabrent Lavalier/Lapel Clip-on Omnidirectional Condenser Microphone for iPhone & Android Smartphones or Any Other Mobile Device (AU-SMCR),Claudio,5.0 ,Italy on 22 May 2018
https://m.media-amazon.com/images/I/31ryNRZHzuL._AC_US60_SCLZZZZZZZ__.jpg,Sabrent Lavalier/Lapel Clip-on Omnidirectional Condenser Microphone for iPhone & Android Smartphones or Any Other Mobile Device (AU-SMCR),Giuseppe Catone,4.0 ,Italy on 30 November 2018
https://m.media-amazon.com/images/I/31ryNRZHzuL._AC_US60_SCLZZZZZZZ__.jpg,Sabrent Lavalier/Lapel Clip-on Omnidirectional Condenser Microphone for iPhone & Android Smartphones or Any Other Mobile Device (AU-SMCR),antonino benanti,5.0 ,Italy on 10 June 2018
https://m.media-amazon.com/images/I/31ryNRZHzuL._AC_US60_SCLZZZZZZZ__.jpg,Sabrent Lavalier/Lapel Clip-on Omnidirectional Condenser Microphone for iPhone & Android Smartphones or Any Other Mobile Device (AU-SMCR),Ian,5.0 ,Australia on 19 April 2021
https://m.media-amazon.com/images/I/31ryNRZHzuL._AC_US60_SCLZZZZZZZ__.jpg,Sabrent Lavalier/Lapel Clip-on Omnidirectional Condenser Microphone for iPhone & Android Smartphones or Any Other Mobile Device (AU-SMCR),Pedro Hernandez Bautista,2.0 ,Mexico on 21 October 2020
https://m.media-amazon.com/images/I/31ryNRZHzuL._AC_US60_SCLZZZZZZZ__.jpg,Sabrent Lavalier/Lapel Clip-on Omnidirectional Condenser Microphone for iPhone & Android Smartphones or Any Other Mobile Device (AU-SMCR),jesus a.,5.0 ,Mexico on 19 December 2020
https://m.media-amazon.com/images/I/31ryNRZHzuL._AC_US60_SCLZZZZZZZ__.jpg,Sabrent Lavalier/Lapel Clip-on Omnidirectional Condenser Microphone for iPhone & Android Smartphones or Any Other Mobile Device (AU-SMCR),Sara,3.0 ,Italy on 16 September 2019
https://m.media-amazon.com/images/I/31ryNRZHzuL._AC_US60_SCLZZZZZZZ__.jpg,Sabrent Lavalier/Lapel Clip-on Omnidirectional Condenser Microphone for iPhone & Android Smartphones or Any Other Mobile Device (AU-SMCR),Federico Pescara,5.0 ,Italy on 4 June 2018
https://m.media-amazon.com/images/I/31ryNRZHzuL._AC_US60_SCLZZZZZZZ__.jpg,Sabrent Lavalier/Lapel Clip-on Omnidirectional Condenser Microphone for iPhone & Android Smartphones or Any Other Mobile Device (AU-SMCR),Carsten W,4.0 ,Germany on 10 January 2018
https://m.media-amazon.com/images/I/31ryNRZHzuL._AC_US60_SCLZZZZZZZ__.jpg,Sabrent Lavalier/Lapel Clip-on Omnidirectional Condenser Microphone for iPhone & Android Smartphones or Any Other Mobile Device (AU-SMCR),Filippo Martinelli,5.0 ,Italy on 4 September 2019
https://m.media-amazon.com/images/I/31ryNRZHzuL._AC_US60_SCLZZZZZZZ__.jpg,Sabrent Lavalier/Lapel Clip-on Omnidirectional Condenser Microphone for iPhone & Android Smartphones or Any Other Mobile Device (AU-SMCR),U. Krug,5.0 ,Germany on 11 June 2017
https://m.media-amazon.com/images/I/31ryNRZHzuL._AC_US60_SCLZZZZZZZ__.jpg,Sabrent Lavalier/Lapel Clip-on Omnidirectional Condenser Microphone for iPhone & Android Smartphones or Any Other Mobile Device (AU-SMCR),Michelangelo D.,5.0 ,Italy on 12 June 2019
https://m.media-amazon.com/images/I/31ryNRZHzuL._AC_US60_SCLZZZZZZZ__.jpg,Sabrent Lavalier/Lapel Clip-on Omnidirectional Condenser Microphone for iPhone & Android Smartphones or Any Other Mobile Device (AU-SMCR),massimo,5.0 ,Italy on 25 December 2021
https://m.media-amazon.com/images/I/31ryNRZHzuL._AC_US60_SCLZZZZZZZ__.jpg,Sabrent Lavalier/Lapel Clip-on Omnidirectional Condenser Microphone for iPhone & Android Smartphones or Any Other Mobile Device (AU-SMCR),Giarlo,4.0 ,Italy on 21 February 2018
https://m.media-amazon.com/images/I/31ryNRZHzuL._AC_US60_SCLZZZZZZZ__.jpg,Sabrent Lavalier/Lapel Clip-on Omnidirectional Condenser Microphone for iPhone & Android Smartphones or Any Other Mobile Device (AU-SMCR),Emanuele Picotti,5.0 ,Italy on 8 April 2018
https://m.media-amazon.com/images/I/31ryNRZHzuL._AC_US60_SCLZZZZZZZ__.jpg,Sabrent Lavalier/Lapel Clip-on Omnidirectional Condenser Microphone for iPhone & Android Smartphones or Any Other Mobile Device (AU-SMCR),Ricardo Soto Contreras,1.0 ,Mexico on 13 January 2019
https://m.media-amazon.com/images/I/31ryNRZHzuL._AC_US60_SCLZZZZZZZ__.jpg,Sabrent Lavalier/Lapel Clip-on Omnidirectional Condenser Microphone for iPhone & Android Smartphones or Any Other Mobile Device (AU-SMCR),mgrhein,5.0 ,Germany on 28 September 2017
https://m.media-amazon.com/images/I/31ryNRZHzuL._AC_US60_SCLZZZZZZZ__.jpg,Sabrent Lavalier/Lapel Clip-on Omnidirectional Condenser Microphone for iPhone & Android Smartphones or Any Other Mobile Device (AU-SMCR),guillermo,4.0 ,Mexico on 15 October 2020
https://m.media-amazon.com/images/I/31ryNRZHzuL._AC_US60_SCLZZZZZZZ__.jpg,Sabrent Lavalier/Lapel Clip-on Omnidirectional Condenser Microphone for iPhone & Android Smartphones or Any Other Mobile Device (AU-SMCR),Luca S.,4.0 ,Italy on 3 April 2020
https://m.media-amazon.com/images/I/31ryNRZHzuL._AC_US60_SCLZZZZZZZ__.jpg,Sabrent Lavalier/Lapel Clip-on Omnidirectional Condenser Microphone for iPhone & Android Smartphones or Any Other Mobile Device (AU-SMCR),Leosear,5.0 ,Italy on 24 October 2018
https://m.media-amazon.com/images/I/31ryNRZHzuL._AC_US60_SCLZZZZZZZ__.jpg,Sabrent Lavalier/Lapel Clip-on Omnidirectional Condenser Microphone for iPhone & Android Smartphones or Any Other Mobile Device (AU-SMCR),Cliente Amazon,5.0 ,Italy on 4 June 2018
https://m.media-amazon.com/images/I/31ryNRZHzuL._AC_US60_SCLZZZZZZZ__.jpg,Sabrent Lavalier/Lapel Clip-on Omnidirectional Condenser Microphone for iPhone & Android Smartphones or Any Other Mobile Device (AU-SMCR),Antonio Voluti,4.0 ,Italy on 8 December 2020
https://m.media-amazon.com/images/I/31ryNRZHzuL._AC_US60_SCLZZZZZZZ__.jpg,Sabrent Lavalier/Lapel Clip-on Omnidirectional Condenser Microphone for iPhone & Android Smartphones or Any Other Mobile Device (AU-SMCR),Daniele Bassi,4.0 ,Italy on 26 January 2018
https://m.media-amazon.com/images/I/31ryNRZHzuL._AC_US60_SCLZZZZZZZ__.jpg,Sabrent Lavalier/Lapel Clip-on Omnidirectional Condenser Microphone for iPhone & Android Smartphones or Any Other Mobile Device (AU-SMCR),Spinosauro666 ,5.0 ,Italy on 11 April 2017
https://m.media-amazon.com/images/I/31ryNRZHzuL._AC_US60_SCLZZZZZZZ__.jpg,Sabrent Lavalier/Lapel Clip-on Omnidirectional Condenser Microphone for iPhone & Android Smartphones or Any Other Mobile Device (AU-SMCR),fabrizio ghini,5.0 ,Italy on 17 February 2017
https://m.media-amazon.com/images/I/31ryNRZHzuL._AC_US60_SCLZZZZZZZ__.jpg,Sabrent Lavalier/Lapel Clip-on Omnidirectional Condenser Microphone for iPhone & Android Smartphones or Any Other Mobile Device (AU-SMCR),Genoveff,5.0 ,Italy on 21 May 2017
https://m.media-amazon.com/images/I/31ryNRZHzuL._AC_US60_SCLZZZZZZZ__.jpg,Sabrent Lavalier/Lapel Clip-on Omnidirectional Condenser Microphone for iPhone & Android Smartphones or Any Other Mobile Device (AU-SMCR),Michele,5.0 ,Italy on 15 May 2020
https://m.media-amazon.com/images/I/31ryNRZHzuL._AC_US60_SCLZZZZZZZ__.jpg,Sabrent Lavalier/Lapel Clip-on Omnidirectional Condenser Microphone for iPhone & Android Smartphones or Any Other Mobile Device (AU-SMCR),Ilaria Romano,5.0 ,Italy on 23 April 2020
https://m.media-amazon.com/images/I/31ryNRZHzuL._AC_US60_SCLZZZZZZZ__.jpg,Sabrent Lavalier/Lapel Clip-on Omnidirectional Condenser Microphone for iPhone & Android Smartphones or Any Other Mobile Device (AU-SMCR),Pierluigi,3.0 ,Italy on 8 April 2018
https://m.media-amazon.com/images/I/31ryNRZHzuL._AC_US60_SCLZZZZZZZ__.jpg,Sabrent Lavalier/Lapel Clip-on Omnidirectional Condenser Microphone for iPhone & Android Smartphones or Any Other Mobile Device (AU-SMCR),darioid,5.0 ,Italy on 9 June 2017
https://m.media-amazon.com/images/I/31ryNRZHzuL._AC_US60_SCLZZZZZZZ__.jpg,Sabrent Lavalier/Lapel Clip-on Omnidirectional Condenser Microphone for iPhone & Android Smartphones or Any Other Mobile Device (AU-SMCR),sebastiano c.,4.0 ,Italy on 5 November 2017
https://m.media-amazon.com/images/I/31ryNRZHzuL._AC_US60_SCLZZZZZZZ__.jpg,Sabrent Lavalier/Lapel Clip-on Omnidirectional Condenser Microphone for iPhone & Android Smartphones or Any Other Mobile Device (AU-SMCR),federico ,5.0 ,Italy on 4 November 2019
https://m.media-amazon.com/images/I/31ryNRZHzuL._AC_US60_SCLZZZZZZZ__.jpg,Sabrent Lavalier/Lapel Clip-on Omnidirectional Condenser Microphone for iPhone & Android Smartphones or Any Other Mobile Device (AU-SMCR),juanjorandom,2.0 ,Mexico on 12 September 2018
https://m.media-amazon.com/images/I/31ryNRZHzuL._AC_US60_SCLZZZZZZZ__.jpg,Sabrent Lavalier/Lapel Clip-on Omnidirectional Condenser Microphone for iPhone & Android Smartphones or Any Other Mobile Device (AU-SMCR),Gianfra55,5.0 ,Italy on 30 May 2018
https://m.media-amazon.com/images/I/31ryNRZHzuL._AC_US60_SCLZZZZZZZ__.jpg,Sabrent Lavalier/Lapel Clip-on Omnidirectional Condenser Microphone for iPhone & Android Smartphones or Any Other Mobile Device (AU-SMCR),Luigi Stincone,5.0 ,Italy on 13 February 2018
https://m.media-amazon.com/images/I/31ryNRZHzuL._AC_US60_SCLZZZZZZZ__.jpg,Sabrent Lavalier/Lapel Clip-on Omnidirectional Condenser Microphone for iPhone & Android Smartphones or Any Other Mobile Device (AU-SMCR),Vincenzo,3.0 ,Italy on 21 February 2020
https://m.media-amazon.com/images/I/31ryNRZHzuL._AC_US60_SCLZZZZZZZ__.jpg,Sabrent Lavalier/Lapel Clip-on Omnidirectional Condenser Microphone for iPhone & Android Smartphones or Any Other Mobile Device (AU-SMCR),Cliente Amazon,1.0 ,Italy on 25 December 2017
https://m.media-amazon.com/images/I/31ryNRZHzuL._AC_US60_SCLZZZZZZZ__.jpg,Sabrent Lavalier/Lapel Clip-on Omnidirectional Condenser Microphone for iPhone & Android Smartphones or Any Other Mobile Device (AU-SMCR),Uriel,2.0 ,Mexico on 29 February 2020
https://m.media-amazon.com/images/I/31ryNRZHzuL._AC_US60_SCLZZZZZZZ__.jpg,Sabrent Lavalier/Lapel Clip-on Omnidirectional Condenser Microphone for iPhone & Android Smartphones or Any Other Mobile Device (AU-SMCR),Shannah',3.0 ,France on 1 March 2017
https://m.media-amazon.com/images/I/31ryNRZHzuL._AC_US60_SCLZZZZZZZ__.jpg,Sabrent Lavalier/Lapel Clip-on Omnidirectional Condenser Microphone for iPhone & Android Smartphones or Any Other Mobile Device (AU-SMCR),Veronica Arellano,5.0 ,Mexico on 8 July 2020
https://m.media-amazon.com/images/I/31ryNRZHzuL._AC_US60_SCLZZZZZZZ__.jpg,Sabrent Lavalier/Lapel Clip-on Omnidirectional Condenser Microphone for iPhone & Android Smartphones or Any Other Mobile Device (AU-SMCR),Alessia,1.0 ,Italy on 1 March 2020
https://m.media-amazon.com/images/I/31ryNRZHzuL._AC_US60_SCLZZZZZZZ__.jpg,Sabrent Lavalier/Lapel Clip-on Omnidirectional Condenser Microphone for iPhone & Android Smartphones or Any Other Mobile Device (AU-SMCR),Juan Manuel Hoyos Trejo,1.0 ,Mexico on 8 March 2020
https://m.media-amazon.com/images/I/31ryNRZHzuL._AC_US60_SCLZZZZZZZ__.jpg,Sabrent Lavalier/Lapel Clip-on Omnidirectional Condenser Microphone for iPhone & Android Smartphones or Any Other Mobile Device (AU-SMCR),alessia mosso,5.0 ,Italy on 17 May 2021
https://m.media-amazon.com/images/I/31ryNRZHzuL._AC_US60_SCLZZZZZZZ__.jpg,Sabrent Lavalier/Lapel Clip-on Omnidirectional Condenser Microphone for iPhone & Android Smartphones or Any Other Mobile Device (AU-SMCR),Cristina R.,1.0 ,Spain on 26 December 2020
https://m.media-amazon.com/images/I/31ryNRZHzuL._AC_US60_SCLZZZZZZZ__.jpg,Sabrent Lavalier/Lapel Clip-on Omnidirectional Condenser Microphone for iPhone & Android Smartphones or Any Other Mobile Device (AU-SMCR),José Alberto López,5.0 ,Mexico on 22 July 2019
https://m.media-amazon.com/images/I/31ryNRZHzuL._AC_US60_SCLZZZZZZZ__.jpg,Sabrent Lavalier/Lapel Clip-on Omnidirectional Condenser Microphone for iPhone & Android Smartphones or Any Other Mobile Device (AU-SMCR),Giuseppe Montefiore,5.0 ,Italy on 16 June 2018
https://m.media-amazon.com/images/I/31ryNRZHzuL._AC_US60_SCLZZZZZZZ__.jpg,Sabrent Lavalier/Lapel Clip-on Omnidirectional Condenser Microphone for iPhone & Android Smartphones or Any Other Mobile Device (AU-SMCR),Cliente Amazon,5.0 ,Italy on 20 March 2017
https://m.media-amazon.com/images/I/31ryNRZHzuL._AC_US60_SCLZZZZZZZ__.jpg,Sabrent Lavalier/Lapel Clip-on Omnidirectional Condenser Microphone for iPhone & Android Smartphones or Any Other Mobile Device (AU-SMCR),Irischa,5.0 ,Germany on 25 March 2018
https://m.media-amazon.com/images/I/31ryNRZHzuL._AC_US60_SCLZZZZZZZ__.jpg,Sabrent Lavalier/Lapel Clip-on Omnidirectional Condenser Microphone for iPhone & Android Smartphones or Any Other Mobile Device (AU-SMCR),David Fernández,1.0 ,Spain on 5 May 2020
https://m.media-amazon.com/images/I/31ryNRZHzuL._AC_US60_SCLZZZZZZZ__.jpg,Sabrent Lavalier/Lapel Clip-on Omnidirectional Condenser Microphone for iPhone & Android Smartphones or Any Other Mobile Device (AU-SMCR),simo,4.0 ,Italy on 30 November 2017
https://m.media-amazon.com/images/I/31ryNRZHzuL._AC_US60_SCLZZZZZZZ__.jpg,Sabrent Lavalier/Lapel Clip-on Omnidirectional Condenser Microphone for iPhone & Android Smartphones or Any Other Mobile Device (AU-SMCR),Sardabike MTB ita,3.0 ,Italy on 30 April 2021
https://m.media-amazon.com/images/I/31ryNRZHzuL._AC_US60_SCLZZZZZZZ__.jpg,Sabrent Lavalier/Lapel Clip-on Omnidirectional Condenser Microphone for iPhone & Android Smartphones or Any Other Mobile Device (AU-SMCR),Nicola,5.0 ,Italy on 28 December 2018
https://m.media-amazon.com/images/I/31ryNRZHzuL._AC_US60_SCLZZZZZZZ__.jpg,Sabrent Lavalier/Lapel Clip-on Omnidirectional Condenser Microphone for iPhone & Android Smartphones or Any Other Mobile Device (AU-SMCR),WannaLearn,1.0 ,Italy on 26 December 2020
https://m.media-amazon.com/images/I/31ryNRZHzuL._AC_US60_SCLZZZZZZZ__.jpg,Sabrent Lavalier/Lapel Clip-on Omnidirectional Condenser Microphone for iPhone & Android Smartphones or Any Other Mobile Device (AU-SMCR),Plaza ,5.0 ,Italy on 26 March 2020
https://m.media-amazon.com/images/I/31ryNRZHzuL._AC_US60_SCLZZZZZZZ__.jpg,Sabrent Lavalier/Lapel Clip-on Omnidirectional Condenser Microphone for iPhone & Android Smartphones or Any Other Mobile Device (AU-SMCR),Le ricette di Francy 74,4.0 ,Italy on 23 July 2018
https://m.media-amazon.com/images/I/31ryNRZHzuL._AC_US60_SCLZZZZZZZ__.jpg,Sabrent Lavalier/Lapel Clip-on Omnidirectional Condenser Microphone for iPhone & Android Smartphones or Any Other Mobile Device (AU-SMCR),Lorenzo,5.0 ,Italy on 9 January 2019
https://m.media-amazon.com/images/I/31ryNRZHzuL._AC_US60_SCLZZZZZZZ__.jpg,Sabrent Lavalier/Lapel Clip-on Omnidirectional Condenser Microphone for iPhone & Android Smartphones or Any Other Mobile Device (AU-SMCR),BOHRISS,2.0 ,Germany on 3 March 2018
https://m.media-amazon.com/images/I/31ryNRZHzuL._AC_US60_SCLZZZZZZZ__.jpg,Sabrent Lavalier/Lapel Clip-on Omnidirectional Condenser Microphone for iPhone & Android Smartphones or Any Other Mobile Device (AU-SMCR),Contipro,5.0 ,Italy on 31 March 2022
https://m.media-amazon.com/images/I/31ryNRZHzuL._AC_US60_SCLZZZZZZZ__.jpg,Sabrent Lavalier/Lapel Clip-on Omnidirectional Condenser Microphone for iPhone & Android Smartphones or Any Other Mobile Device (AU-SMCR),Cliente Amazon,2.0 ,Italy on 20 December 2017
https://m.media-amazon.com/images/I/31ryNRZHzuL._AC_US60_SCLZZZZZZZ__.jpg,Sabrent Lavalier/Lapel Clip-on Omnidirectional Condenser Microphone for iPhone & Android Smartphones or Any Other Mobile Device (AU-SMCR),clickjulie,4.0 ,Italy on 7 February 2021
https://m.media-amazon.com/images/I/31ryNRZHzuL._AC_US60_SCLZZZZZZZ__.jpg,Sabrent Lavalier/Lapel Clip-on Omnidirectional Condenser Microphone for iPhone & Android Smartphones or Any Other Mobile Device (AU-SMCR),Akuma no neko,5.0 ,Italy on 25 February 2022
https://m.media-amazon.com/images/I/31ryNRZHzuL._AC_US60_SCLZZZZZZZ__.jpg,Sabrent Lavalier/Lapel Clip-on Omnidirectional Condenser Microphone for iPhone & Android Smartphones or Any Other Mobile Device (AU-SMCR),Alessandro T.,4.0 ,Italy on 28 October 2020
https://m.media-amazon.com/images/I/31ryNRZHzuL._AC_US60_SCLZZZZZZZ__.jpg,Sabrent Lavalier/Lapel Clip-on Omnidirectional Condenser Microphone for iPhone & Android Smartphones or Any Other Mobile Device (AU-SMCR),Juan Manuel quilis alapont,5.0 ,Spain on 1 November 2019
https://m.media-amazon.com/images/I/31ryNRZHzuL._AC_US60_SCLZZZZZZZ__.jpg,Sabrent Lavalier/Lapel Clip-on Omnidirectional Condenser Microphone for iPhone & Android Smartphones or Any Other Mobile Device (AU-SMCR),Patrick Dollmann,3.0 ,Germany on 23 February 2021
https://m.media-amazon.com/images/I/31ryNRZHzuL._AC_US60_SCLZZZZZZZ__.jpg,Sabrent Lavalier/Lapel Clip-on Omnidirectional Condenser Microphone for iPhone & Android Smartphones or Any Other Mobile Device (AU-SMCR),Davide Scalera,4.0 ,Italy on 27 May 2017
https://m.media-amazon.com/images/I/31ryNRZHzuL._AC_US60_SCLZZZZZZZ__.jpg,Sabrent Lavalier/Lapel Clip-on Omnidirectional Condenser Microphone for iPhone & Android Smartphones or Any Other Mobile Device (AU-SMCR),Antonella M.,4.0 ,Italy on 2 July 2017
https://m.media-amazon.com/images/I/31ryNRZHzuL._AC_US60_SCLZZZZZZZ__.jpg,Sabrent Lavalier/Lapel Clip-on Omnidirectional Condenser Microphone for iPhone & Android Smartphones or Any Other Mobile Device (AU-SMCR),Girolamo,5.0 ,Italy on 7 November 2020
https://m.media-amazon.com/images/I/31ryNRZHzuL._AC_US60_SCLZZZZZZZ__.jpg,Sabrent Lavalier/Lapel Clip-on Omnidirectional Condenser Microphone for iPhone & Android Smartphones or Any Other Mobile Device (AU-SMCR),imy,5.0 ,Italy on 25 June 2018
https://m.media-amazon.com/images/I/31ryNRZHzuL._AC_US60_SCLZZZZZZZ__.jpg,Sabrent Lavalier/Lapel Clip-on Omnidirectional Condenser Microphone for iPhone & Android Smartphones or Any Other Mobile Device (AU-SMCR),Gilberto,2.0 ,Italy on 9 June 2017
https://m.media-amazon.com/images/I/31ryNRZHzuL._AC_US60_SCLZZZZZZZ__.jpg,Sabrent Lavalier/Lapel Clip-on Omnidirectional Condenser Microphone for iPhone & Android Smartphones or Any Other Mobile Device (AU-SMCR),Irving Morales,2.0 ,Mexico on 1 March 2021
https://m.media-amazon.com/images/I/31ryNRZHzuL._AC_US60_SCLZZZZZZZ__.jpg,Sabrent Lavalier/Lapel Clip-on Omnidirectional Condenser Microphone for iPhone & Android Smartphones or Any Other Mobile Device (AU-SMCR),Francesco S.,4.0 ,Italy on 3 June 2017
https://m.media-amazon.com/images/I/31ryNRZHzuL._AC_US60_SCLZZZZZZZ__.jpg,Sabrent Lavalier/Lapel Clip-on Omnidirectional Condenser Microphone for iPhone & Android Smartphones or Any Other Mobile Device (AU-SMCR),Dumitru,4.0 ,Italy on 7 May 2020
https://m.media-amazon.com/images/I/31ryNRZHzuL._AC_US60_SCLZZZZZZZ__.jpg,Sabrent Lavalier/Lapel Clip-on Omnidirectional Condenser Microphone for iPhone & Android Smartphones or Any Other Mobile Device (AU-SMCR),Daviderado,5.0 ,Italy on 21 May 2017
https://m.media-amazon.com/images/I/31ryNRZHzuL._AC_US60_SCLZZZZZZZ__.jpg,Sabrent Lavalier/Lapel Clip-on Omnidirectional Condenser Microphone for iPhone & Android Smartphones or Any Other Mobile Device (AU-SMCR),Francesca Giaquinto,5.0 ,Italy on 2 April 2020
https://m.media-amazon.com/images/I/31ryNRZHzuL._AC_US60_SCLZZZZZZZ__.jpg,Sabrent Lavalier/Lapel Clip-on Omnidirectional Condenser Microphone for iPhone & Android Smartphones or Any Other Mobile Device (AU-SMCR),dan,2.0 ,Italy on 9 March 2018
https://m.media-amazon.com/images/I/31ryNRZHzuL._AC_US60_SCLZZZZZZZ__.jpg,Sabrent Lavalier/Lapel Clip-on Omnidirectional Condenser Microphone for iPhone & Android Smartphones or Any Other Mobile Device (AU-SMCR),Mick28,5.0 ,Italy on 1 November 2017
https://m.media-amazon.com/images/I/31ryNRZHzuL._AC_US60_SCLZZZZZZZ__.jpg,Sabrent Lavalier/Lapel Clip-on Omnidirectional Condenser Microphone for iPhone & Android Smartphones or Any Other Mobile Device (AU-SMCR),Dani,5.0 ,Italy on 23 March 2017
https://m.media-amazon.com/images/I/31ryNRZHzuL._AC_US60_SCLZZZZZZZ__.jpg,Sabrent Lavalier/Lapel Clip-on Omnidirectional Condenser Microphone for iPhone & Android Smartphones or Any Other Mobile Device (AU-SMCR),Karla Flores,5.0 ,Mexico on 29 June 2020
https://m.media-amazon.com/images/I/31ryNRZHzuL._AC_US60_SCLZZZZZZZ__.jpg,Sabrent Lavalier/Lapel Clip-on Omnidirectional Condenser Microphone for iPhone & Android Smartphones or Any Other Mobile Device (AU-SMCR),Becks,5.0 ,Spain on 21 May 2019
https://m.media-amazon.com/images/I/31ryNRZHzuL._AC_US60_SCLZZZZZZZ__.jpg,Sabrent Lavalier/Lapel Clip-on Omnidirectional Condenser Microphone for iPhone & Android Smartphones or Any Other Mobile Device (AU-SMCR),lorenzo pirro,5.0 ,Italy on 29 April 2017
https://m.media-amazon.com/images/I/31ryNRZHzuL._AC_US60_SCLZZZZZZZ__.jpg,Sabrent Lavalier/Lapel Clip-on Omnidirectional Condenser Microphone for iPhone & Android Smartphones or Any Other Mobile Device (AU-SMCR),Marcello Motta,5.0 ,Italy on 26 March 2019
https://m.media-amazon.com/images/I/31ryNRZHzuL._AC_US60_SCLZZZZZZZ__.jpg,Sabrent Lavalier/Lapel Clip-on Omnidirectional Condenser Microphone for iPhone & Android Smartphones or Any Other Mobile Device (AU-SMCR),Dieter,3.0 ,Mexico on 24 March 2021
https://m.media-amazon.com/images/I/31ryNRZHzuL._AC_US60_SCLZZZZZZZ__.jpg,Sabrent Lavalier/Lapel Clip-on Omnidirectional Condenser Microphone for iPhone & Android Smartphones or Any Other Mobile Device (AU-SMCR),Bryan,3.0 ,Mexico on 11 February 2020
https://m.media-amazon.com/images/I/31ryNRZHzuL._AC_US60_SCLZZZZZZZ__.jpg,Sabrent Lavalier/Lapel Clip-on Omnidirectional Condenser Microphone for iPhone & Android Smartphones or Any Other Mobile Device (AU-SMCR),Maurizia,4.0 ,Italy on 23 December 2020
https://m.media-amazon.com/images/I/31ryNRZHzuL._AC_US60_SCLZZZZZZZ__.jpg,Sabrent Lavalier/Lapel Clip-on Omnidirectional Condenser Microphone for iPhone & Android Smartphones or Any Other Mobile Device (AU-SMCR),Manu,2.0 ,Italy on 20 December 2017
https://m.media-amazon.com/images/I/31ryNRZHzuL._AC_US60_SCLZZZZZZZ__.jpg,Sabrent Lavalier/Lapel Clip-on Omnidirectional Condenser Microphone for iPhone & Android Smartphones or Any Other Mobile Device (AU-SMCR),Massimo,5.0 ,Italy on 4 August 2018
https://m.media-amazon.com/images/I/31ryNRZHzuL._AC_US60_SCLZZZZZZZ__.jpg,Sabrent Lavalier/Lapel Clip-on Omnidirectional Condenser Microphone for iPhone & Android Smartphones or Any Other Mobile Device (AU-SMCR),Nicola Franceschinis,5.0 ,Italy on 12 August 2017
https://m.media-amazon.com/images/I/31ryNRZHzuL._AC_US60_SCLZZZZZZZ__.jpg,Sabrent Lavalier/Lapel Clip-on Omnidirectional Condenser Microphone for iPhone & Android Smartphones or Any Other Mobile Device (AU-SMCR),Cliente Amazon,3.0 ,Italy on 19 July 2017
https://m.media-amazon.com/images/I/31ryNRZHzuL._AC_US60_SCLZZZZZZZ__.jpg,Sabrent Lavalier/Lapel Clip-on Omnidirectional Condenser Microphone for iPhone & Android Smartphones or Any Other Mobile Device (AU-SMCR),ventalon,5.0 ,France on 21 December 2016
https://m.media-amazon.com/images/I/31ryNRZHzuL._AC_US60_SCLZZZZZZZ__.jpg,Sabrent Lavalier/Lapel Clip-on Omnidirectional Condenser Microphone for iPhone & Android Smartphones or Any Other Mobile Device (AU-SMCR),Giovanny Jacomo Fernandez Larrañaga,4.0 ,Mexico on 2 February 2021
https://m.media-amazon.com/images/I/31ryNRZHzuL._AC_US60_SCLZZZZZZZ__.jpg,Sabrent Lavalier/Lapel Clip-on Omnidirectional Condenser Microphone for iPhone & Android Smartphones or Any Other Mobile Device (AU-SMCR),Paul Justenhoven,4.0 ,Germany on 4 December 2018
https://m.media-amazon.com/images/I/31ryNRZHzuL._AC_US60_SCLZZZZZZZ__.jpg,Sabrent Lavalier/Lapel Clip-on Omnidirectional Condenser Microphone for iPhone & Android Smartphones or Any Other Mobile Device (AU-SMCR),cristiano,4.0 ,Italy on 4 November 2019
https://m.media-amazon.com/images/I/31ryNRZHzuL._AC_US60_SCLZZZZZZZ__.jpg,Sabrent Lavalier/Lapel Clip-on Omnidirectional Condenser Microphone for iPhone & Android Smartphones or Any Other Mobile Device (AU-SMCR),Michael,1.0 ,Germany on 11 July 2018
https://m.media-amazon.com/images/I/31ryNRZHzuL._AC_US60_SCLZZZZZZZ__.jpg,Sabrent Lavalier/Lapel Clip-on Omnidirectional Condenser Microphone for iPhone & Android Smartphones or Any Other Mobile Device (AU-SMCR),Davide P.,1.0 ,Italy on 30 October 2021
https://m.media-amazon.com/images/I/31ryNRZHzuL._AC_US60_SCLZZZZZZZ__.jpg,Sabrent Lavalier/Lapel Clip-on Omnidirectional Condenser Microphone for iPhone & Android Smartphones or Any Other Mobile Device (AU-SMCR),Victoria,1.0 ,Spain on 4 September 2019
https://m.media-amazon.com/images/I/31ryNRZHzuL._AC_US60_SCLZZZZZZZ__.jpg,Sabrent Lavalier/Lapel Clip-on Omnidirectional Condenser Microphone for iPhone & Android Smartphones or Any Other Mobile Device (AU-SMCR),Noe Gonzalez,5.0 ,Mexico on 24 May 2020
https://m.media-amazon.com/images/I/31ryNRZHzuL._AC_US60_SCLZZZZZZZ__.jpg,Sabrent Lavalier/Lapel Clip-on Omnidirectional Condenser Microphone for iPhone & Android Smartphones or Any Other Mobile Device (AU-SMCR),santiago marquina popoca,5.0 ,Mexico on 5 September 2019
https://m.media-amazon.com/images/I/31ryNRZHzuL._AC_US60_SCLZZZZZZZ__.jpg,Sabrent Lavalier/Lapel Clip-on Omnidirectional Condenser Microphone for iPhone & Android Smartphones or Any Other Mobile Device (AU-SMCR),m007,5.0 ,Canada on 20 February 2022
https://m.media-amazon.com/images/I/31ryNRZHzuL._AC_US60_SCLZZZZZZZ__.jpg,Sabrent Lavalier/Lapel Clip-on Omnidirectional Condenser Microphone for iPhone & Android Smartphones or Any Other Mobile Device (AU-SMCR),michael keie,3.0 ,Germany on 11 September 2019
https://m.media-amazon.com/images/I/31ryNRZHzuL._AC_US60_SCLZZZZZZZ__.jpg,Sabrent Lavalier/Lapel Clip-on Omnidirectional Condenser Microphone for iPhone & Android Smartphones or Any Other Mobile Device (AU-SMCR),Eiith,5.0 ,Mexico on 29 December 2020
https://m.media-amazon.com/images/I/31ryNRZHzuL._AC_US60_SCLZZZZZZZ__.jpg,Sabrent Lavalier/Lapel Clip-on Omnidirectional Condenser Microphone for iPhone & Android Smartphones or Any Other Mobile Device (AU-SMCR),Freegris,5.0 ,Italy on 1 March 2018
https://m.media-amazon.com/images/I/31ryNRZHzuL._AC_US60_SCLZZZZZZZ__.jpg,Sabrent Lavalier/Lapel Clip-on Omnidirectional Condenser Microphone for iPhone & Android Smartphones or Any Other Mobile Device (AU-SMCR),Jose M.,1.0 ,Mexico on 7 November 2020
https://m.media-amazon.com/images/I/31ryNRZHzuL._AC_US60_SCLZZZZZZZ__.jpg,Sabrent Lavalier/Lapel Clip-on Omnidirectional Condenser Microphone for iPhone & Android Smartphones or Any Other Mobile Device (AU-SMCR),Francesco,5.0 ,Italy on 28 February 2021
https://m.media-amazon.com/images/I/31ryNRZHzuL._AC_US60_SCLZZZZZZZ__.jpg,Sabrent Lavalier/Lapel Clip-on Omnidirectional Condenser Microphone for iPhone & Android Smartphones or Any Other Mobile Device (AU-SMCR),gianfranco cocciolone,1.0 ,Italy on 21 February 2020
https://m.media-amazon.com/images/I/31ryNRZHzuL._AC_US60_SCLZZZZZZZ__.jpg,Sabrent Lavalier/Lapel Clip-on Omnidirectional Condenser Microphone for iPhone & Android Smartphones or Any Other Mobile Device (AU-SMCR),Victor Camara-Poot,4.0 ,Mexico on 10 February 2019
https://m.media-amazon.com/images/I/31ryNRZHzuL._AC_US60_SCLZZZZZZZ__.jpg,Sabrent Lavalier/Lapel Clip-on Omnidirectional Condenser Microphone for iPhone & Android Smartphones or Any Other Mobile Device (AU-SMCR),Cliente Amazon,4.0 ,Italy on 22 June 2019
https://m.media-amazon.com/images/I/31ryNRZHzuL._AC_US60_SCLZZZZZZZ__.jpg,Sabrent Lavalier/Lapel Clip-on Omnidirectional Condenser Microphone for iPhone & Android Smartphones or Any Other Mobile Device (AU-SMCR),Andrea C.,5.0 ,Italy on 18 January 2018
https://m.media-amazon.com/images/I/31ryNRZHzuL._AC_US60_SCLZZZZZZZ__.jpg,Sabrent Lavalier/Lapel Clip-on Omnidirectional Condenser Microphone for iPhone & Android Smartphones or Any Other Mobile Device (AU-SMCR),Claudio Aguilar,1.0 ,Mexico on 15 July 2020
https://m.media-amazon.com/images/I/31ryNRZHzuL._AC_US60_SCLZZZZZZZ__.jpg,Sabrent Lavalier/Lapel Clip-on Omnidirectional Condenser Microphone for iPhone & Android Smartphones or Any Other Mobile Device (AU-SMCR),mukabastrica,4.0 ,Italy on 24 May 2017
https://m.media-amazon.com/images/I/31ryNRZHzuL._AC_US60_SCLZZZZZZZ__.jpg,Sabrent Lavalier/Lapel Clip-on Omnidirectional Condenser Microphone for iPhone & Android Smartphones or Any Other Mobile Device (AU-SMCR),Cliente Amazon,5.0 ,Italy on 28 January 2019
https://m.media-amazon.com/images/I/31ryNRZHzuL._AC_US60_SCLZZZZZZZ__.jpg,Sabrent Lavalier/Lapel Clip-on Omnidirectional Condenser Microphone for iPhone & Android Smartphones or Any Other Mobile Device (AU-SMCR),Cliente Amazon,5.0 ,Italy on 22 October 2017
https://m.media-amazon.com/images/I/31ryNRZHzuL._AC_US60_SCLZZZZZZZ__.jpg,Sabrent Lavalier/Lapel Clip-on Omnidirectional Condenser Microphone for iPhone & Android Smartphones or Any Other Mobile Device (AU-SMCR),Cliente Amazon,4.0 ,Italy on 11 May 2018
https://m.media-amazon.com/images/I/31ryNRZHzuL._AC_US60_SCLZZZZZZZ__.jpg,Sabrent Lavalier/Lapel Clip-on Omnidirectional Condenser Microphone for iPhone & Android Smartphones or Any Other Mobile Device (AU-SMCR),William Martin Vallejos Bernal,5.0 ,Germany on 8 March 2019
https://m.media-amazon.com/images/I/31ryNRZHzuL._AC_US60_SCLZZZZZZZ__.jpg,Sabrent Lavalier/Lapel Clip-on Omnidirectional Condenser Microphone for iPhone & Android Smartphones or Any Other Mobile Device (AU-SMCR),Giuseppe Berni,1.0 ,Italy on 16 September 2020
https://m.media-amazon.com/images/I/31ryNRZHzuL._AC_US60_SCLZZZZZZZ__.jpg,Sabrent Lavalier/Lapel Clip-on Omnidirectional Condenser Microphone for iPhone & Android Smartphones or Any Other Mobile Device (AU-SMCR),nicola,5.0 ,Italy on 4 November 2020
https://m.media-amazon.com/images/I/31ryNRZHzuL._AC_US60_SCLZZZZZZZ__.jpg,Sabrent Lavalier/Lapel Clip-on Omnidirectional Condenser Microphone for iPhone & Android Smartphones or Any Other Mobile Device (AU-SMCR),Charlie,1.0 ,Germany on 2 April 2020
https://m.media-amazon.com/images/I/31ryNRZHzuL._AC_US60_SCLZZZZZZZ__.jpg,Sabrent Lavalier/Lapel Clip-on Omnidirectional Condenser Microphone for iPhone & Android Smartphones or Any Other Mobile Device (AU-SMCR),Antonio M.,2.0 ,Italy on 16 December 2017
https://m.media-amazon.com/images/I/31ryNRZHzuL._AC_US60_SCLZZZZZZZ__.jpg,Sabrent Lavalier/Lapel Clip-on Omnidirectional Condenser Microphone for iPhone & Android Smartphones or Any Other Mobile Device (AU-SMCR),Paola,4.0 ,Italy on 10 September 2017
https://m.media-amazon.com/images/I/31ryNRZHzuL._AC_US60_SCLZZZZZZZ__.jpg,Sabrent Lavalier/Lapel Clip-on Omnidirectional Condenser Microphone for iPhone & Android Smartphones or Any Other Mobile Device (AU-SMCR),Alessandro D.,5.0 ,Italy on 31 March 2018
https://m.media-amazon.com/images/I/31ryNRZHzuL._AC_US60_SCLZZZZZZZ__.jpg,Sabrent Lavalier/Lapel Clip-on Omnidirectional Condenser Microphone for iPhone & Android Smartphones or Any Other Mobile Device (AU-SMCR),Gabriele I.,4.0 ,Italy on 12 February 2018
https://m.media-amazon.com/images/I/31ryNRZHzuL._AC_US60_SCLZZZZZZZ__.jpg,Sabrent Lavalier/Lapel Clip-on Omnidirectional Condenser Microphone for iPhone & Android Smartphones or Any Other Mobile Device (AU-SMCR),GABRIELE MASCOLINO,4.0 ,Italy on 8 March 2019
https://m.media-amazon.com/images/I/31ryNRZHzuL._AC_US60_SCLZZZZZZZ__.jpg,Sabrent Lavalier/Lapel Clip-on Omnidirectional Condenser Microphone for iPhone & Android Smartphones or Any Other Mobile Device (AU-SMCR),Simon,5.0 ,Italy on 27 September 2017
https://m.media-amazon.com/images/I/31ryNRZHzuL._AC_US60_SCLZZZZZZZ__.jpg,Sabrent Lavalier/Lapel Clip-on Omnidirectional Condenser Microphone for iPhone & Android Smartphones or Any Other Mobile Device (AU-SMCR),Valerio Argiolas,5.0 ,Italy on 3 April 2017
https://m.media-amazon.com/images/I/31ryNRZHzuL._AC_US60_SCLZZZZZZZ__.jpg,Sabrent Lavalier/Lapel Clip-on Omnidirectional Condenser Microphone for iPhone & Android Smartphones or Any Other Mobile Device (AU-SMCR),Juan Reyes,5.0 ,Spain on 13 December 2018
https://m.media-amazon.com/images/I/31ryNRZHzuL._AC_US60_SCLZZZZZZZ__.jpg,Sabrent Lavalier/Lapel Clip-on Omnidirectional Condenser Microphone for iPhone & Android Smartphones or Any Other Mobile Device (AU-SMCR),Robert,5.0 ,Spain on 11 December 2018
https://m.media-amazon.com/images/I/31ryNRZHzuL._AC_US60_SCLZZZZZZZ__.jpg,Sabrent Lavalier/Lapel Clip-on Omnidirectional Condenser Microphone for iPhone & Android Smartphones or Any Other Mobile Device (AU-SMCR),Donatella ,5.0 ,Italy on 1 April 2021
https://m.media-amazon.com/images/I/31ryNRZHzuL._AC_US60_SCLZZZZZZZ__.jpg,Sabrent Lavalier/Lapel Clip-on Omnidirectional Condenser Microphone for iPhone & Android Smartphones or Any Other Mobile Device (AU-SMCR),Eduardo Coronilla,5.0 ,Mexico on 7 September 2018
https://m.media-amazon.com/images/I/31ryNRZHzuL._AC_US60_SCLZZZZZZZ__.jpg,Sabrent Lavalier/Lapel Clip-on Omnidirectional Condenser Microphone for iPhone & Android Smartphones or Any Other Mobile Device (AU-SMCR),Amazon Customer,3.0 ,Italy on 25 September 2019
https://m.media-amazon.com/images/I/31ryNRZHzuL._AC_US60_SCLZZZZZZZ__.jpg,Sabrent Lavalier/Lapel Clip-on Omnidirectional Condenser Microphone for iPhone & Android Smartphones or Any Other Mobile Device (AU-SMCR),Chiarettapai,5.0 ,Italy on 3 March 2021
https://m.media-amazon.com/images/I/31ryNRZHzuL._AC_US60_SCLZZZZZZZ__.jpg,Sabrent Lavalier/Lapel Clip-on Omnidirectional Condenser Microphone for iPhone & Android Smartphones or Any Other Mobile Device (AU-SMCR),Martin,5.0 ,Canada on 8 June 2020
https://m.media-amazon.com/images/I/31ryNRZHzuL._AC_US60_SCLZZZZZZZ__.jpg,Sabrent Lavalier/Lapel Clip-on Omnidirectional Condenser Microphone for iPhone & Android Smartphones or Any Other Mobile Device (AU-SMCR),Davide Esposito Pelella,4.0 ,Italy on 23 January 2020
https://m.media-amazon.com/images/I/31ryNRZHzuL._AC_US60_SCLZZZZZZZ__.jpg,Sabrent Lavalier/Lapel Clip-on Omnidirectional Condenser Microphone for iPhone & Android Smartphones or Any Other Mobile Device (AU-SMCR),Jonathan Rafael Hernández Perez,1.0 ,Mexico on 26 June 2021
https://m.media-amazon.com/images/I/31ryNRZHzuL._AC_US60_SCLZZZZZZZ__.jpg,Sabrent Lavalier/Lapel Clip-on Omnidirectional Condenser Microphone for iPhone & Android Smartphones or Any Other Mobile Device (AU-SMCR),Federico,5.0 ,Italy on 7 December 2019
https://m.media-amazon.com/images/I/31ryNRZHzuL._AC_US60_SCLZZZZZZZ__.jpg,Sabrent Lavalier/Lapel Clip-on Omnidirectional Condenser Microphone for iPhone & Android Smartphones or Any Other Mobile Device (AU-SMCR),andrea,1.0 ,Italy on 1 January 2021
https://m.media-amazon.com/images/I/31ryNRZHzuL._AC_US60_SCLZZZZZZZ__.jpg,Sabrent Lavalier/Lapel Clip-on Omnidirectional Condenser Microphone for iPhone & Android Smartphones or Any Other Mobile Device (AU-SMCR),Hans-A. G.,4.0 ,Germany on 31 May 2017
https://m.media-amazon.com/images/I/31ryNRZHzuL._AC_US60_SCLZZZZZZZ__.jpg,Sabrent Lavalier/Lapel Clip-on Omnidirectional Condenser Microphone for iPhone & Android Smartphones or Any Other Mobile Device (AU-SMCR),Cliente Amazon,5.0 ,Spain on 1 February 2020
https://m.media-amazon.com/images/I/31ryNRZHzuL._AC_US60_SCLZZZZZZZ__.jpg,Sabrent Lavalier/Lapel Clip-on Omnidirectional Condenser Microphone for iPhone & Android Smartphones or Any Other Mobile Device (AU-SMCR),tania,5.0 ,Italy on 13 April 2019
https://m.media-amazon.com/images/I/31ryNRZHzuL._AC_US60_SCLZZZZZZZ__.jpg,Sabrent Lavalier/Lapel Clip-on Omnidirectional Condenser Microphone for iPhone & Android Smartphones or Any Other Mobile Device (AU-SMCR),fr_,1.0 ,Italy on 6 May 2020
https://m.media-amazon.com/images/I/31ryNRZHzuL._AC_US60_SCLZZZZZZZ__.jpg,Sabrent Lavalier/Lapel Clip-on Omnidirectional Condenser Microphone for iPhone & Android Smartphones or Any Other Mobile Device (AU-SMCR),Sasha Devorak ,5.0 ,Italy on 16 May 2018
https://m.media-amazon.com/images/I/31ryNRZHzuL._AC_US60_SCLZZZZZZZ__.jpg,Sabrent Lavalier/Lapel Clip-on Omnidirectional Condenser Microphone for iPhone & Android Smartphones or Any Other Mobile Device (AU-SMCR),LionAntony,5.0 ,Italy on 24 March 2019
https://m.media-amazon.com/images/I/31ryNRZHzuL._AC_US60_SCLZZZZZZZ__.jpg,Sabrent Lavalier/Lapel Clip-on Omnidirectional Condenser Microphone for iPhone & Android Smartphones or Any Other Mobile Device (AU-SMCR),ALEX,5.0 ,Mexico on 14 June 2019
https://m.media-amazon.com/images/I/31ryNRZHzuL._AC_US60_SCLZZZZZZZ__.jpg,Sabrent Lavalier/Lapel Clip-on Omnidirectional Condenser Microphone for iPhone & Android Smartphones or Any Other Mobile Device (AU-SMCR),riverdance69,5.0 ,France on 30 November 2018
https://m.media-amazon.com/images/I/31ryNRZHzuL._AC_US60_SCLZZZZZZZ__.jpg,Sabrent Lavalier/Lapel Clip-on Omnidirectional Condenser Microphone for iPhone & Android Smartphones or Any Other Mobile Device (AU-SMCR),Rosario,5.0 ,Italy on 24 November 2017
https://m.media-amazon.com/images/I/31ryNRZHzuL._AC_US60_SCLZZZZZZZ__.jpg,Sabrent Lavalier/Lapel Clip-on Omnidirectional Condenser Microphone for iPhone & Android Smartphones or Any Other Mobile Device (AU-SMCR),Beto Cristóbal ,5.0 ,Mexico on 24 September 2019
https://m.media-amazon.com/images/I/31ryNRZHzuL._AC_US60_SCLZZZZZZZ__.jpg,Sabrent Lavalier/Lapel Clip-on Omnidirectional Condenser Microphone for iPhone & Android Smartphones or Any Other Mobile Device (AU-SMCR),pablodelbuey,4.0 ,Spain on 13 September 2017
https://m.media-amazon.com/images/I/31ryNRZHzuL._AC_US60_SCLZZZZZZZ__.jpg,Sabrent Lavalier/Lapel Clip-on Omnidirectional Condenser Microphone for iPhone & Android Smartphones or Any Other Mobile Device (AU-SMCR),Cliente Amazon,5.0 ,Italy on 18 April 2017
https://m.media-amazon.com/images/I/31ryNRZHzuL._AC_US60_SCLZZZZZZZ__.jpg,Sabrent Lavalier/Lapel Clip-on Omnidirectional Condenser Microphone for iPhone & Android Smartphones or Any Other Mobile Device (AU-SMCR),Kai Eversfield,2.0 ,Canada on 13 May 2020
https://m.media-amazon.com/images/I/31ryNRZHzuL._AC_US60_SCLZZZZZZZ__.jpg,Sabrent Lavalier/Lapel Clip-on Omnidirectional Condenser Microphone for iPhone & Android Smartphones or Any Other Mobile Device (AU-SMCR),Smockey,4.0 ,Germany on 3 September 2020
https://m.media-amazon.com/images/I/31ryNRZHzuL._AC_US60_SCLZZZZZZZ__.jpg,Sabrent Lavalier/Lapel Clip-on Omnidirectional Condenser Microphone for iPhone & Android Smartphones or Any Other Mobile Device (AU-SMCR),Francesco,5.0 ,Italy on 20 October 2019
https://m.media-amazon.com/images/I/31ryNRZHzuL._AC_US60_SCLZZZZZZZ__.jpg,Sabrent Lavalier/Lapel Clip-on Omnidirectional Condenser Microphone for iPhone & Android Smartphones or Any Other Mobile Device (AU-SMCR),Sapo,4.0 ,Italy on 10 July 2020
https://m.media-amazon.com/images/I/31ryNRZHzuL._AC_US60_SCLZZZZZZZ__.jpg,Sabrent Lavalier/Lapel Clip-on Omnidirectional Condenser Microphone for iPhone & Android Smartphones or Any Other Mobile Device (AU-SMCR),Cliente Amazon,5.0 ,Italy on 24 August 2019
https://m.media-amazon.com/images/I/31ryNRZHzuL._AC_US60_SCLZZZZZZZ__.jpg,Sabrent Lavalier/Lapel Clip-on Omnidirectional Condenser Microphone for iPhone & Android Smartphones or Any Other Mobile Device (AU-SMCR),Olha,5.0 ,Italy on 14 May 2020
https://m.media-amazon.com/images/I/31ryNRZHzuL._AC_US60_SCLZZZZZZZ__.jpg,Sabrent Lavalier/Lapel Clip-on Omnidirectional Condenser Microphone for iPhone & Android Smartphones or Any Other Mobile Device (AU-SMCR),Aristide,4.0 ,France on 3 August 2018
https://m.media-amazon.com/images/I/31ryNRZHzuL._AC_US60_SCLZZZZZZZ__.jpg,Sabrent Lavalier/Lapel Clip-on Omnidirectional Condenser Microphone for iPhone & Android Smartphones or Any Other Mobile Device (AU-SMCR),Cliente Amazon,1.0 ,Spain on 1 December 2019
https://m.media-amazon.com/images/I/31ryNRZHzuL._AC_US60_SCLZZZZZZZ__.jpg,Sabrent Lavalier/Lapel Clip-on Omnidirectional Condenser Microphone for iPhone & Android Smartphones or Any Other Mobile Device (AU-SMCR),Je,1.0 ,Mexico on 20 May 2020
https://m.media-amazon.com/images/I/31ryNRZHzuL._AC_US60_SCLZZZZZZZ__.jpg,Sabrent Lavalier/Lapel Clip-on Omnidirectional Condenser Microphone for iPhone & Android Smartphones or Any Other Mobile Device (AU-SMCR),Paolo pozza,5.0 ,Italy on 23 April 2020
https://m.media-amazon.com/images/I/31ryNRZHzuL._AC_US60_SCLZZZZZZZ__.jpg,Sabrent Lavalier/Lapel Clip-on Omnidirectional Condenser Microphone for iPhone & Android Smartphones or Any Other Mobile Device (AU-SMCR),GEO GAL,5.0 ,Mexico on 10 August 2019
https://m.media-amazon.com/images/I/31ryNRZHzuL._AC_US60_SCLZZZZZZZ__.jpg,Sabrent Lavalier/Lapel Clip-on Omnidirectional Condenser Microphone for iPhone & Android Smartphones or Any Other Mobile Device (AU-SMCR),Julietha Garaya,5.0 ,Mexico on 24 December 2018
https://m.media-amazon.com/images/I/31ryNRZHzuL._AC_US60_SCLZZZZZZZ__.jpg,Sabrent Lavalier/Lapel Clip-on Omnidirectional Condenser Microphone for iPhone & Android Smartphones or Any Other Mobile Device (AU-SMCR),Francesco,4.0 ,Italy on 27 July 2020
https://m.media-amazon.com/images/I/31ryNRZHzuL._AC_US60_SCLZZZZZZZ__.jpg,Sabrent Lavalier/Lapel Clip-on Omnidirectional Condenser Microphone for iPhone & Android Smartphones or Any Other Mobile Device (AU-SMCR),vincenzo patierno,5.0 ,Italy on 24 October 2019
https://m.media-amazon.com/images/I/31ryNRZHzuL._AC_US60_SCLZZZZZZZ__.jpg,Sabrent Lavalier/Lapel Clip-on Omnidirectional Condenser Microphone for iPhone & Android Smartphones or Any Other Mobile Device (AU-SMCR),Juan's profile,5.0 ,Spain on 29 May 2020
https://m.media-amazon.com/images/I/31ryNRZHzuL._AC_US60_SCLZZZZZZZ__.jpg,Sabrent Lavalier/Lapel Clip-on Omnidirectional Condenser Microphone for iPhone & Android Smartphones or Any Other Mobile Device (AU-SMCR),Gio,5.0 ,Mexico on 21 February 2021
https://m.media-amazon.com/images/I/31ryNRZHzuL._AC_US60_SCLZZZZZZZ__.jpg,Sabrent Lavalier/Lapel Clip-on Omnidirectional Condenser Microphone for iPhone & Android Smartphones or Any Other Mobile Device (AU-SMCR),Alessandro P.,1.0 ,Italy on 23 March 2017
https://m.media-amazon.com/images/I/31ryNRZHzuL._AC_US60_SCLZZZZZZZ__.jpg,Sabrent Lavalier/Lapel Clip-on Omnidirectional Condenser Microphone for iPhone & Android Smartphones or Any Other Mobile Device (AU-SMCR),Alessandro Ciapini,5.0 ,Italy on 30 May 2019
https://m.media-amazon.com/images/I/31ryNRZHzuL._AC_US60_SCLZZZZZZZ__.jpg,Sabrent Lavalier/Lapel Clip-on Omnidirectional Condenser Microphone for iPhone & Android Smartphones or Any Other Mobile Device (AU-SMCR),giulia,1.0 ,Italy on 28 April 2020
https://m.media-amazon.com/images/I/31ryNRZHzuL._AC_US60_SCLZZZZZZZ__.jpg,Sabrent Lavalier/Lapel Clip-on Omnidirectional Condenser Microphone for iPhone & Android Smartphones or Any Other Mobile Device (AU-SMCR),JacoTube,5.0 ,Italy on 15 January 2021
https://m.media-amazon.com/images/I/31ryNRZHzuL._AC_US60_SCLZZZZZZZ__.jpg,Sabrent Lavalier/Lapel Clip-on Omnidirectional Condenser Microphone for iPhone & Android Smartphones or Any Other Mobile Device (AU-SMCR),LAURA PEREZ CABRERA,3.0 ,Mexico on 29 January 2021
https://m.media-amazon.com/images/I/31ryNRZHzuL._AC_US60_SCLZZZZZZZ__.jpg,Sabrent Lavalier/Lapel Clip-on Omnidirectional Condenser Microphone for iPhone & Android Smartphones or Any Other Mobile Device (AU-SMCR),Ruben Omar Cobos Leal,5.0 ,Mexico on 14 August 2018
https://m.media-amazon.com/images/I/31ryNRZHzuL._AC_US60_SCLZZZZZZZ__.jpg,Sabrent Lavalier/Lapel Clip-on Omnidirectional Condenser Microphone for iPhone & Android Smartphones or Any Other Mobile Device (AU-SMCR),Luca,4.0 ,Italy on 19 March 2020
https://m.media-amazon.com/images/I/31ryNRZHzuL._AC_US60_SCLZZZZZZZ__.jpg,Sabrent Lavalier/Lapel Clip-on Omnidirectional Condenser Microphone for iPhone & Android Smartphones or Any Other Mobile Device (AU-SMCR),Nico,5.0 ,Italy on 8 January 2021
https://m.media-amazon.com/images/I/31ryNRZHzuL._AC_US60_SCLZZZZZZZ__.jpg,Sabrent Lavalier/Lapel Clip-on Omnidirectional Condenser Microphone for iPhone & Android Smartphones or Any Other Mobile Device (AU-SMCR),Antonio,1.0 ,Italy on 29 November 2019
https://m.media-amazon.com/images/I/31ryNRZHzuL._AC_US60_SCLZZZZZZZ__.jpg,Sabrent Lavalier/Lapel Clip-on Omnidirectional Condenser Microphone for iPhone & Android Smartphones or Any Other Mobile Device (AU-SMCR),Airon,5.0 ,Italy on 9 November 2018
https://m.media-amazon.com/images/I/31ryNRZHzuL._AC_US60_SCLZZZZZZZ__.jpg,Sabrent Lavalier/Lapel Clip-on Omnidirectional Condenser Microphone for iPhone & Android Smartphones or Any Other Mobile Device (AU-SMCR),Victor,5.0 ,Mexico on 30 May 2019
https://m.media-amazon.com/images/I/31ryNRZHzuL._AC_US60_SCLZZZZZZZ__.jpg,Sabrent Lavalier/Lapel Clip-on Omnidirectional Condenser Microphone for iPhone & Android Smartphones or Any Other Mobile Device (AU-SMCR),Espectador,5.0 ,Mexico on 31 January 2020
https://m.media-amazon.com/images/I/31ryNRZHzuL._AC_US60_SCLZZZZZZZ__.jpg,Sabrent Lavalier/Lapel Clip-on Omnidirectional Condenser Microphone for iPhone & Android Smartphones or Any Other Mobile Device (AU-SMCR),Judith,1.0 ,Germany on 4 December 2020
https://m.media-amazon.com/images/I/31ryNRZHzuL._AC_US60_SCLZZZZZZZ__.jpg,Sabrent Lavalier/Lapel Clip-on Omnidirectional Condenser Microphone for iPhone & Android Smartphones or Any Other Mobile Device (AU-SMCR),juan ,3.0 ,Mexico on 20 January 2020
https://m.media-amazon.com/images/I/31ryNRZHzuL._AC_US60_SCLZZZZZZZ__.jpg,Sabrent Lavalier/Lapel Clip-on Omnidirectional Condenser Microphone for iPhone & Android Smartphones or Any Other Mobile Device (AU-SMCR),Axel Medina,1.0 ,Mexico on 10 February 2021
https://m.media-amazon.com/images/I/31ryNRZHzuL._AC_US60_SCLZZZZZZZ__.jpg,Sabrent Lavalier/Lapel Clip-on Omnidirectional Condenser Microphone for iPhone & Android Smartphones or Any Other Mobile Device (AU-SMCR),karla,1.0 ,Mexico on 13 August 2019
https://m.media-amazon.com/images/I/31ryNRZHzuL._AC_US60_SCLZZZZZZZ__.jpg,Sabrent Lavalier/Lapel Clip-on Omnidirectional Condenser Microphone for iPhone & Android Smartphones or Any Other Mobile Device (AU-SMCR),Violeta Moreno,5.0 ,Mexico on 24 March 2019
https://m.media-amazon.com/images/I/31ryNRZHzuL._AC_US60_SCLZZZZZZZ__.jpg,Sabrent Lavalier/Lapel Clip-on Omnidirectional Condenser Microphone for iPhone & Android Smartphones or Any Other Mobile Device (AU-SMCR),danielacolan,5.0 ,Italy on 10 January 2020
https://m.media-amazon.com/images/I/31ryNRZHzuL._AC_US60_SCLZZZZZZZ__.jpg,Sabrent Lavalier/Lapel Clip-on Omnidirectional Condenser Microphone for iPhone & Android Smartphones or Any Other Mobile Device (AU-SMCR),ArthyumTV_,5.0 ,France on 8 October 2020
https://m.media-amazon.com/images/I/31ryNRZHzuL._AC_US60_SCLZZZZZZZ__.jpg,Sabrent Lavalier/Lapel Clip-on Omnidirectional Condenser Microphone for iPhone & Android Smartphones or Any Other Mobile Device (AU-SMCR),Marc,3.0 ,France on 26 November 2017
https://m.media-amazon.com/images/I/31ryNRZHzuL._AC_US60_SCLZZZZZZZ__.jpg,Sabrent Lavalier/Lapel Clip-on Omnidirectional Condenser Microphone for iPhone & Android Smartphones or Any Other Mobile Device (AU-SMCR),Jose G.,2.0 ,Mexico on 7 October 2020
https://m.media-amazon.com/images/I/31ryNRZHzuL._AC_US60_SCLZZZZZZZ__.jpg,Sabrent Lavalier/Lapel Clip-on Omnidirectional Condenser Microphone for iPhone & Android Smartphones or Any Other Mobile Device (AU-SMCR),Josset Sarahy Juárez Marin,5.0 ,Mexico on 23 May 2020
https://m.media-amazon.com/images/I/31ryNRZHzuL._AC_US60_SCLZZZZZZZ__.jpg,Sabrent Lavalier/Lapel Clip-on Omnidirectional Condenser Microphone for iPhone & Android Smartphones or Any Other Mobile Device (AU-SMCR),Macor Davide,5.0 ,Italy on 26 February 2020
https://m.media-amazon.com/images/I/31ryNRZHzuL._AC_US60_SCLZZZZZZZ__.jpg,Sabrent Lavalier/Lapel Clip-on Omnidirectional Condenser Microphone for iPhone & Android Smartphones or Any Other Mobile Device (AU-SMCR),Musumeci Nicolas,5.0 ,France on 8 August 2020
https://m.media-amazon.com/images/I/31ryNRZHzuL._AC_US60_SCLZZZZZZZ__.jpg,Sabrent Lavalier/Lapel Clip-on Omnidirectional Condenser Microphone for iPhone & Android Smartphones or Any Other Mobile Device (AU-SMCR),Noël Brice,5.0 ,France on 25 July 2021
https://m.media-amazon.com/images/I/31ryNRZHzuL._AC_US60_SCLZZZZZZZ__.jpg,Sabrent Lavalier/Lapel Clip-on Omnidirectional Condenser Microphone for iPhone & Android Smartphones or Any Other Mobile Device (AU-SMCR),alonso huerta,4.0 ,Mexico on 12 January 2019
https://m.media-amazon.com/images/I/31ryNRZHzuL._AC_US60_SCLZZZZZZZ__.jpg,Sabrent Lavalier/Lapel Clip-on Omnidirectional Condenser Microphone for iPhone & Android Smartphones or Any Other Mobile Device (AU-SMCR),Sharon S.,1.0 ,Italy on 4 June 2019
https://m.media-amazon.com/images/I/31ryNRZHzuL._AC_US60_SCLZZZZZZZ__.jpg,Sabrent Lavalier/Lapel Clip-on Omnidirectional Condenser Microphone for iPhone & Android Smartphones or Any Other Mobile Device (AU-SMCR),Floh,4.0 ,Germany on 26 May 2020
https://m.media-amazon.com/images/I/31ryNRZHzuL._AC_US60_SCLZZZZZZZ__.jpg,Sabrent Lavalier/Lapel Clip-on Omnidirectional Condenser Microphone for iPhone & Android Smartphones or Any Other Mobile Device (AU-SMCR),Gaby,5.0 ,Mexico on 29 July 2020
https://m.media-amazon.com/images/I/31ryNRZHzuL._AC_US60_SCLZZZZZZZ__.jpg,Sabrent Lavalier/Lapel Clip-on Omnidirectional Condenser Microphone for iPhone & Android Smartphones or Any Other Mobile Device (AU-SMCR),Leopoldo Martinez,3.0 ,Mexico on 13 June 2020
https://m.media-amazon.com/images/I/31ryNRZHzuL._AC_US60_SCLZZZZZZZ__.jpg,Sabrent Lavalier/Lapel Clip-on Omnidirectional Condenser Microphone for iPhone & Android Smartphones or Any Other Mobile Device (AU-SMCR),melaniemoral,4.0 ,France on 29 July 2019
https://m.media-amazon.com/images/I/31ryNRZHzuL._AC_US60_SCLZZZZZZZ__.jpg,Sabrent Lavalier/Lapel Clip-on Omnidirectional Condenser Microphone for iPhone & Android Smartphones or Any Other Mobile Device (AU-SMCR),Michel conde,5.0 ,Mexico on 1 May 2019
https://m.media-amazon.com/images/I/31ryNRZHzuL._AC_US60_SCLZZZZZZZ__.jpg,Sabrent Lavalier/Lapel Clip-on Omnidirectional Condenser Microphone for iPhone & Android Smartphones or Any Other Mobile Device (AU-SMCR),KARMA,1.0 ,Mexico on 12 December 2019
https://m.media-amazon.com/images/I/31ryNRZHzuL._AC_US60_SCLZZZZZZZ__.jpg,Sabrent Lavalier/Lapel Clip-on Omnidirectional Condenser Microphone for iPhone & Android Smartphones or Any Other Mobile Device (AU-SMCR),marco1987,5.0 ,Italy on 29 July 2020
https://m.media-amazon.com/images/I/31ryNRZHzuL._AC_US60_SCLZZZZZZZ__.jpg,Sabrent Lavalier/Lapel Clip-on Omnidirectional Condenser Microphone for iPhone & Android Smartphones or Any Other Mobile Device (AU-SMCR),Emilio Orozco,4.0 ,Mexico on 24 January 2021
https://m.media-amazon.com/images/I/31ryNRZHzuL._AC_US60_SCLZZZZZZZ__.jpg,Sabrent Lavalier/Lapel Clip-on Omnidirectional Condenser Microphone for iPhone & Android Smartphones or Any Other Mobile Device (AU-SMCR),Kelly Sorezo,4.0 ,Italy on 30 September 2019
https://m.media-amazon.com/images/I/31ryNRZHzuL._AC_US60_SCLZZZZZZZ__.jpg,Sabrent Lavalier/Lapel Clip-on Omnidirectional Condenser Microphone for iPhone & Android Smartphones or Any Other Mobile Device (AU-SMCR),LaMontagne Audell,4.0 ,France on 28 April 2017
https://m.media-amazon.com/images/I/31ryNRZHzuL._AC_US60_SCLZZZZZZZ__.jpg,Sabrent Lavalier/Lapel Clip-on Omnidirectional Condenser Microphone for iPhone & Android Smartphones or Any Other Mobile Device (AU-SMCR),Ertugrul Cambel,1.0 ,Canada on 7 April 2021
https://m.media-amazon.com/images/I/31ryNRZHzuL._AC_US60_SCLZZZZZZZ__.jpg,Sabrent Lavalier/Lapel Clip-on Omnidirectional Condenser Microphone for iPhone & Android Smartphones or Any Other Mobile Device (AU-SMCR),Client d'Amazon,1.0 ,France on 2 May 2018
https://m.media-amazon.com/images/I/31ryNRZHzuL._AC_US60_SCLZZZZZZZ__.jpg,Sabrent Lavalier/Lapel Clip-on Omnidirectional Condenser Microphone for iPhone & Android Smartphones or Any Other Mobile Device (AU-SMCR),Bearypretty,5.0 ,Mexico on 6 July 2019
https://m.media-amazon.com/images/I/31ryNRZHzuL._AC_US60_SCLZZZZZZZ__.jpg,Sabrent Lavalier/Lapel Clip-on Omnidirectional Condenser Microphone for iPhone & Android Smartphones or Any Other Mobile Device (AU-SMCR),Cliente Amazon,1.0 ,Italy on 18 February 2019
https://m.media-amazon.com/images/I/31ryNRZHzuL._AC_US60_SCLZZZZZZZ__.jpg,Sabrent Lavalier/Lapel Clip-on Omnidirectional Condenser Microphone for iPhone & Android Smartphones or Any Other Mobile Device (AU-SMCR),Juan Marcos Gonzalez Guerrero,5.0 ,Mexico on 8 June 2019
https://m.media-amazon.com/images/I/31ryNRZHzuL._AC_US60_SCLZZZZZZZ__.jpg,Sabrent Lavalier/Lapel Clip-on Omnidirectional Condenser Microphone for iPhone & Android Smartphones or Any Other Mobile Device (AU-SMCR),Cliente Amazon,4.0 ,Italy on 2 April 2019
https://m.media-amazon.com/images/I/31ryNRZHzuL._AC_US60_SCLZZZZZZZ__.jpg,Sabrent Lavalier/Lapel Clip-on Omnidirectional Condenser Microphone for iPhone & Android Smartphones or Any Other Mobile Device (AU-SMCR),LAURA R.,5.0 ,Mexico on 28 December 2019
https://m.media-amazon.com/images/I/31ryNRZHzuL._AC_US60_SCLZZZZZZZ__.jpg,Sabrent Lavalier/Lapel Clip-on Omnidirectional Condenser Microphone for iPhone & Android Smartphones or Any Other Mobile Device (AU-SMCR),Alberto ,5.0 ,Mexico on 16 June 2019
https://m.media-amazon.com/images/I/31ryNRZHzuL._AC_US60_SCLZZZZZZZ__.jpg,Sabrent Lavalier/Lapel Clip-on Omnidirectional Condenser Microphone for iPhone & Android Smartphones or Any Other Mobile Device (AU-SMCR),Kena Angeles,5.0 ,Mexico on 6 August 2019
https://m.media-amazon.com/images/I/31ryNRZHzuL._AC_US60_SCLZZZZZZZ__.jpg,Sabrent Lavalier/Lapel Clip-on Omnidirectional Condenser Microphone for iPhone & Android Smartphones or Any Other Mobile Device (AU-SMCR),Rafael Uzquiano,5.0 ,Mexico on 26 August 2020
https://m.media-amazon.com/images/I/31ryNRZHzuL._AC_US60_SCLZZZZZZZ__.jpg,Sabrent Lavalier/Lapel Clip-on Omnidirectional Condenser Microphone for iPhone & Android Smartphones or Any Other Mobile Device (AU-SMCR),sergio ortega,1.0 ,Mexico on 16 April 2019
https://m.media-amazon.com/images/I/31ryNRZHzuL._AC_US60_SCLZZZZZZZ__.jpg,Sabrent Lavalier/Lapel Clip-on Omnidirectional Condenser Microphone for iPhone & Android Smartphones or Any Other Mobile Device (AU-SMCR),Luis Enrique Cedomio,5.0 ,Mexico on 27 October 2020
https://m.media-amazon.com/images/I/31ryNRZHzuL._AC_US60_SCLZZZZZZZ__.jpg,Sabrent Lavalier/Lapel Clip-on Omnidirectional Condenser Microphone for iPhone & Android Smartphones or Any Other Mobile Device (AU-SMCR),LUIS H,5.0 ,Mexico on 14 April 2020
https://m.media-amazon.com/images/I/31ryNRZHzuL._AC_US60_SCLZZZZZZZ__.jpg,Sabrent Lavalier/Lapel Clip-on Omnidirectional Condenser Microphone for iPhone & Android Smartphones or Any Other Mobile Device (AU-SMCR),Héctor Alfonso Herrera González,1.0 ,Mexico on 5 September 2020
https://m.media-amazon.com/images/I/31ryNRZHzuL._AC_US60_SCLZZZZZZZ__.jpg,Sabrent Lavalier/Lapel Clip-on Omnidirectional Condenser Microphone for iPhone & Android Smartphones or Any Other Mobile Device (AU-SMCR),Cortes,1.0 ,France on 31 August 2017
https://m.media-amazon.com/images/I/31ryNRZHzuL._AC_US60_SCLZZZZZZZ__.jpg,Sabrent Lavalier/Lapel Clip-on Omnidirectional Condenser Microphone for iPhone & Android Smartphones or Any Other Mobile Device (AU-SMCR),Benjamin V. ,5.0 ,France on 17 December 2018
https://m.media-amazon.com/images/I/31ryNRZHzuL._AC_US60_SCLZZZZZZZ__.jpg,Sabrent Lavalier/Lapel Clip-on Omnidirectional Condenser Microphone for iPhone & Android Smartphones or Any Other Mobile Device (AU-SMCR),Bruno,5.0 ,Italy on 24 April 2020
https://m.media-amazon.com/images/I/31ryNRZHzuL._AC_US60_SCLZZZZZZZ__.jpg,Sabrent Lavalier/Lapel Clip-on Omnidirectional Condenser Microphone for iPhone & Android Smartphones or Any Other Mobile Device (AU-SMCR),Juan Carlos,5.0 ,Mexico on 5 July 2019
https://m.media-amazon.com/images/I/31ryNRZHzuL._AC_US60_SCLZZZZZZZ__.jpg,Sabrent Lavalier/Lapel Clip-on Omnidirectional Condenser Microphone for iPhone & Android Smartphones or Any Other Mobile Device (AU-SMCR),Vandy,4.0 ,France on 29 November 2017
https://m.media-amazon.com/images/I/31ryNRZHzuL._AC_US60_SCLZZZZZZZ__.jpg,Sabrent Lavalier/Lapel Clip-on Omnidirectional Condenser Microphone for iPhone & Android Smartphones or Any Other Mobile Device (AU-SMCR),Ballester,3.0 ,France on 11 May 2019
https://m.media-amazon.com/images/I/31ryNRZHzuL._AC_US60_SCLZZZZZZZ__.jpg,Sabrent Lavalier/Lapel Clip-on Omnidirectional Condenser Microphone for iPhone & Android Smartphones or Any Other Mobile Device (AU-SMCR),Ramon portilla cortes,5.0 ,Mexico on 12 January 2020
https://m.media-amazon.com/images/I/31ryNRZHzuL._AC_US60_SCLZZZZZZZ__.jpg,Sabrent Lavalier/Lapel Clip-on Omnidirectional Condenser Microphone for iPhone & Android Smartphones or Any Other Mobile Device (AU-SMCR),Louis,5.0 ,France on 17 October 2017
https://m.media-amazon.com/images/I/31ryNRZHzuL._AC_US60_SCLZZZZZZZ__.jpg,Sabrent Lavalier/Lapel Clip-on Omnidirectional Condenser Microphone for iPhone & Android Smartphones or Any Other Mobile Device (AU-SMCR),MrPaul,5.0 ,France on 12 February 2017
https://m.media-amazon.com/images/I/31ryNRZHzuL._AC_US60_SCLZZZZZZZ__.jpg,Sabrent Lavalier/Lapel Clip-on Omnidirectional Condenser Microphone for iPhone & Android Smartphones or Any Other Mobile Device (AU-SMCR),GFB,1.0 ,Italy on 9 January 2019
https://m.media-amazon.com/images/I/31ryNRZHzuL._AC_US60_SCLZZZZZZZ__.jpg,Sabrent Lavalier/Lapel Clip-on Omnidirectional Condenser Microphone for iPhone & Android Smartphones or Any Other Mobile Device (AU-SMCR),Client d'Amazon,5.0 ,France on 22 March 2017
https://m.media-amazon.com/images/I/31ryNRZHzuL._AC_US60_SCLZZZZZZZ__.jpg,Sabrent Lavalier/Lapel Clip-on Omnidirectional Condenser Microphone for iPhone & Android Smartphones or Any Other Mobile Device (AU-SMCR),Océane,5.0 ,France on 23 July 2018
https://m.media-amazon.com/images/I/31ryNRZHzuL._AC_US60_SCLZZZZZZZ__.jpg,Sabrent Lavalier/Lapel Clip-on Omnidirectional Condenser Microphone for iPhone & Android Smartphones or Any Other Mobile Device (AU-SMCR),Alex spencer,5.0 ,the United Kingdom on 2 July 2017
https://m.media-amazon.com/images/I/31ryNRZHzuL._AC_US60_SCLZZZZZZZ__.jpg,Sabrent Lavalier/Lapel Clip-on Omnidirectional Condenser Microphone for iPhone & Android Smartphones or Any Other Mobile Device (AU-SMCR),Unbox Fox,5.0 ,the United Kingdom on 17 March 2017
https://m.media-amazon.com/images/I/31ryNRZHzuL._AC_US60_SCLZZZZZZZ__.jpg,Sabrent Lavalier/Lapel Clip-on Omnidirectional Condenser Microphone for iPhone & Android Smartphones or Any Other Mobile Device (AU-SMCR),Vittorio,2.0 ,the United Kingdom on 25 December 2016
https://m.media-amazon.com/images/I/31ryNRZHzuL._AC_US60_SCLZZZZZZZ__.jpg,Sabrent Lavalier/Lapel Clip-on Omnidirectional Condenser Microphone for iPhone & Android Smartphones or Any Other Mobile Device (AU-SMCR),Miranda Wyeth,3.0 ,the United Kingdom on 10 June 2017
https://m.media-amazon.com/images/I/31ryNRZHzuL._AC_US60_SCLZZZZZZZ__.jpg,Sabrent Lavalier/Lapel Clip-on Omnidirectional Condenser Microphone for iPhone & Android Smartphones or Any Other Mobile Device (AU-SMCR),Professional Networker,5.0 ,the United Kingdom on 24 March 2017
https://m.media-amazon.com/images/I/31ryNRZHzuL._AC_US60_SCLZZZZZZZ__.jpg,Sabrent Lavalier/Lapel Clip-on Omnidirectional Condenser Microphone for iPhone & Android Smartphones or Any Other Mobile Device (AU-SMCR),Emanuele,5.0 ,Italy on 16 February 2017
https://m.media-amazon.com/images/I/31ryNRZHzuL._AC_US60_SCLZZZZZZZ__.jpg,Sabrent Lavalier/Lapel Clip-on Omnidirectional Condenser Microphone for iPhone & Android Smartphones or Any Other Mobile Device (AU-SMCR),Mr. J. Wallace,2.0 ,the United Kingdom on 22 May 2017
https://m.media-amazon.com/images/I/31ryNRZHzuL._AC_US60_SCLZZZZZZZ__.jpg,Sabrent Lavalier/Lapel Clip-on Omnidirectional Condenser Microphone for iPhone & Android Smartphones or Any Other Mobile Device (AU-SMCR),Cristian,5.0 ,Italy on 29 April 2017
https://m.media-amazon.com/images/I/31ryNRZHzuL._AC_US60_SCLZZZZZZZ__.jpg,Sabrent Lavalier/Lapel Clip-on Omnidirectional Condenser Microphone for iPhone & Android Smartphones or Any Other Mobile Device (AU-SMCR),Nicholas Jones,4.0 ,the United Kingdom on 27 March 2017
https://m.media-amazon.com/images/I/31ryNRZHzuL._AC_US60_SCLZZZZZZZ__.jpg,Sabrent Lavalier/Lapel Clip-on Omnidirectional Condenser Microphone for iPhone & Android Smartphones or Any Other Mobile Device (AU-SMCR),Zakia,1.0 ,the United Kingdom on 17 May 2017
https://m.media-amazon.com/images/I/31ryNRZHzuL._AC_US60_SCLZZZZZZZ__.jpg,Sabrent Lavalier/Lapel Clip-on Omnidirectional Condenser Microphone for iPhone & Android Smartphones or Any Other Mobile Device (AU-SMCR),Jacopo,5.0 ,Italy on 1 August 2017
https://m.media-amazon.com/images/I/31ryNRZHzuL._AC_US60_SCLZZZZZZZ__.jpg,Sabrent Lavalier/Lapel Clip-on Omnidirectional Condenser Microphone for iPhone & Android Smartphones or Any Other Mobile Device (AU-SMCR),Ghafoor hussain,5.0 ,the United Kingdom on 15 February 2017
https://m.media-amazon.com/images/I/31ryNRZHzuL._AC_US60_SCLZZZZZZZ__.jpg,Sabrent Lavalier/Lapel Clip-on Omnidirectional Condenser Microphone for iPhone & Android Smartphones or Any Other Mobile Device (AU-SMCR),Adam boylan,3.0 ,the United Kingdom on 25 December 2017
https://m.media-amazon.com/images/I/31ryNRZHzuL._AC_US60_SCLZZZZZZZ__.jpg,Sabrent Lavalier/Lapel Clip-on Omnidirectional Condenser Microphone for iPhone & Android Smartphones or Any Other Mobile Device (AU-SMCR),yasu,2.0 ,Japan on 26 December 2019
https://m.media-amazon.com/images/I/31ryNRZHzuL._AC_US60_SCLZZZZZZZ__.jpg,Sabrent Lavalier/Lapel Clip-on Omnidirectional Condenser Microphone for iPhone & Android Smartphones or Any Other Mobile Device (AU-SMCR),Charis Hickey,5.0 ,the United Kingdom on 27 April 2017
https://m.media-amazon.com/images/I/31ryNRZHzuL._AC_US60_SCLZZZZZZZ__.jpg,Sabrent Lavalier/Lapel Clip-on Omnidirectional Condenser Microphone for iPhone & Android Smartphones or Any Other Mobile Device (AU-SMCR),Tessier,5.0 ,the United Kingdom on 19 March 2017
https://m.media-amazon.com/images/I/31ryNRZHzuL._AC_US60_SCLZZZZZZZ__.jpg,Sabrent Lavalier/Lapel Clip-on Omnidirectional Condenser Microphone for iPhone & Android Smartphones or Any Other Mobile Device (AU-SMCR),るる,4.0 ,Japan on 7 January 2022
https://m.media-amazon.com/images/I/31ryNRZHzuL._AC_US60_SCLZZZZZZZ__.jpg,Sabrent Lavalier/Lapel Clip-on Omnidirectional Condenser Microphone for iPhone & Android Smartphones or Any Other Mobile Device (AU-SMCR),Nadia Tariq,4.0 ,the United Kingdom on 23 January 2018
https://m.media-amazon.com/images/I/31ryNRZHzuL._AC_US60_SCLZZZZZZZ__.jpg,Sabrent Lavalier/Lapel Clip-on Omnidirectional Condenser Microphone for iPhone & Android Smartphones or Any Other Mobile Device (AU-SMCR),Taryn Kimber,5.0 ,the United Kingdom on 16 May 2017
https://m.media-amazon.com/images/I/31ryNRZHzuL._AC_US60_SCLZZZZZZZ__.jpg,Sabrent Lavalier/Lapel Clip-on Omnidirectional Condenser Microphone for iPhone & Android Smartphones or Any Other Mobile Device (AU-SMCR),Dan Bryant,5.0 ,Germany on 13 March 2017
https://m.media-amazon.com/images/I/31ryNRZHzuL._AC_US60_SCLZZZZZZZ__.jpg,Sabrent Lavalier/Lapel Clip-on Omnidirectional Condenser Microphone for iPhone & Android Smartphones or Any Other Mobile Device (AU-SMCR),Charles V,4.0 ,France on 28 April 2017
https://m.media-amazon.com/images/I/31ryNRZHzuL._AC_US60_SCLZZZZZZZ__.jpg,Sabrent Lavalier/Lapel Clip-on Omnidirectional Condenser Microphone for iPhone & Android Smartphones or Any Other Mobile Device (AU-SMCR),Kindleのお客様,1.0 ,Japan on 7 January 2022
https://m.media-amazon.com/images/I/31ryNRZHzuL._AC_US60_SCLZZZZZZZ__.jpg,Sabrent Lavalier/Lapel Clip-on Omnidirectional Condenser Microphone for iPhone & Android Smartphones or Any Other Mobile Device (AU-SMCR),Brandon Moncada,4.0 ,Mexico on 19 June 2018
https://m.media-amazon.com/images/I/31ryNRZHzuL._AC_US60_SCLZZZZZZZ__.jpg,Sabrent Lavalier/Lapel Clip-on Omnidirectional Condenser Microphone for iPhone & Android Smartphones or Any Other Mobile Device (AU-SMCR),Lucio,1.0 ,Italy on 27 February 2017
https://m.media-amazon.com/images/I/31ryNRZHzuL._AC_US60_SCLZZZZZZZ__.jpg,Sabrent Lavalier/Lapel Clip-on Omnidirectional Condenser Microphone for iPhone & Android Smartphones or Any Other Mobile Device (AU-SMCR),phil a,5.0 ,the United Kingdom on 12 March 2017
https://m.media-amazon.com/images/I/31ryNRZHzuL._AC_US60_SCLZZZZZZZ__.jpg,Sabrent Lavalier/Lapel Clip-on Omnidirectional Condenser Microphone for iPhone & Android Smartphones or Any Other Mobile Device (AU-SMCR),Frank BB,2.0 ,Germany on 17 February 2017
https://m.media-amazon.com/images/I/31ryNRZHzuL._AC_US60_SCLZZZZZZZ__.jpg,Sabrent Lavalier/Lapel Clip-on Omnidirectional Condenser Microphone for iPhone & Android Smartphones or Any Other Mobile Device (AU-SMCR),Trafano Giancarlo,2.0 ,Italy on 27 March 2017
https://m.media-amazon.com/images/I/31ryNRZHzuL._AC_US60_SCLZZZZZZZ__.jpg,Sabrent Lavalier/Lapel Clip-on Omnidirectional Condenser Microphone for iPhone & Android Smartphones or Any Other Mobile Device (AU-SMCR),sandrineB,1.0 ,France on 27 July 2017
https://m.media-amazon.com/images/I/31ryNRZHzuL._AC_US60_SCLZZZZZZZ__.jpg,Sabrent Lavalier/Lapel Clip-on Omnidirectional Condenser Microphone for iPhone & Android Smartphones or Any Other Mobile Device (AU-SMCR),K. R.,4.0 ,the United States on 17 June 2016
https://m.media-amazon.com/images/I/31ryNRZHzuL._AC_US60_SCLZZZZZZZ__.jpg,Sabrent Lavalier/Lapel Clip-on Omnidirectional Condenser Microphone for iPhone & Android Smartphones or Any Other Mobile Device (AU-SMCR),Clarissa,5.0 ,the United States on 23 April 2020
https://m.media-amazon.com/images/I/31ryNRZHzuL._AC_US60_SCLZZZZZZZ__.jpg,Sabrent Lavalier/Lapel Clip-on Omnidirectional Condenser Microphone for iPhone & Android Smartphones or Any Other Mobile Device (AU-SMCR),Gandalfthemandalf4052,2.0 ,the United States on 8 June 2020
https://m.media-amazon.com/images/I/31ryNRZHzuL._AC_US60_SCLZZZZZZZ__.jpg,Sabrent Lavalier/Lapel Clip-on Omnidirectional Condenser Microphone for iPhone & Android Smartphones or Any Other Mobile Device (AU-SMCR),Ricardo,3.0 ,the United States on 3 June 2017
https://m.media-amazon.com/images/I/31ryNRZHzuL._AC_US60_SCLZZZZZZZ__.jpg,Sabrent Lavalier/Lapel Clip-on Omnidirectional Condenser Microphone for iPhone & Android Smartphones or Any Other Mobile Device (AU-SMCR),Anony Mouse,4.0 ,the United States on 24 September 2019
https://m.media-amazon.com/images/I/31ryNRZHzuL._AC_US60_SCLZZZZZZZ__.jpg,Sabrent Lavalier/Lapel Clip-on Omnidirectional Condenser Microphone for iPhone & Android Smartphones or Any Other Mobile Device (AU-SMCR),Joseph,5.0 ,the United States on 13 March 2018
https://m.media-amazon.com/images/I/31ryNRZHzuL._AC_US60_SCLZZZZZZZ__.jpg,Sabrent Lavalier/Lapel Clip-on Omnidirectional Condenser Microphone for iPhone & Android Smartphones or Any Other Mobile Device (AU-SMCR),Dan M,5.0 ,the United States on 11 August 2016
https://m.media-amazon.com/images/I/31ryNRZHzuL._AC_US60_SCLZZZZZZZ__.jpg,Sabrent Lavalier/Lapel Clip-on Omnidirectional Condenser Microphone for iPhone & Android Smartphones or Any Other Mobile Device (AU-SMCR),😎,5.0 ,the United States on 25 October 2016
https://m.media-amazon.com/images/I/31ryNRZHzuL._AC_US60_SCLZZZZZZZ__.jpg,Sabrent Lavalier/Lapel Clip-on Omnidirectional Condenser Microphone for iPhone & Android Smartphones or Any Other Mobile Device (AU-SMCR),F K.,5.0 ,the United States on 30 June 2019
https://m.media-amazon.com/images/I/31ryNRZHzuL._AC_US60_SCLZZZZZZZ__.jpg,Sabrent Lavalier/Lapel Clip-on Omnidirectional Condenser Microphone for iPhone & Android Smartphones or Any Other Mobile Device (AU-SMCR),Nivek C.,5.0 ,the United States on 25 September 2016
https://m.media-amazon.com/images/I/31ryNRZHzuL._AC_US60_SCLZZZZZZZ__.jpg,Sabrent Lavalier/Lapel Clip-on Omnidirectional Condenser Microphone for iPhone & Android Smartphones or Any Other Mobile Device (AU-SMCR),Trinigal,5.0 ,the United States on 16 January 2020
https://m.media-amazon.com/images/I/31ryNRZHzuL._AC_US60_SCLZZZZZZZ__.jpg,Sabrent Lavalier/Lapel Clip-on Omnidirectional Condenser Microphone for iPhone & Android Smartphones or Any Other Mobile Device (AU-SMCR),Marcus C.,5.0 ,the United States on 31 January 2017
https://m.media-amazon.com/images/I/31ryNRZHzuL._AC_US60_SCLZZZZZZZ__.jpg,Sabrent Lavalier/Lapel Clip-on Omnidirectional Condenser Microphone for iPhone & Android Smartphones or Any Other Mobile Device (AU-SMCR),Dr Colquitt,5.0 ,the United States on 13 January 2017
https://m.media-amazon.com/images/I/31ryNRZHzuL._AC_US60_SCLZZZZZZZ__.jpg,Sabrent Lavalier/Lapel Clip-on Omnidirectional Condenser Microphone for iPhone & Android Smartphones or Any Other Mobile Device (AU-SMCR),C. Edwards,1.0 ,the United States on 8 October 2021
https://m.media-amazon.com/images/I/31ryNRZHzuL._AC_US60_SCLZZZZZZZ__.jpg,Sabrent Lavalier/Lapel Clip-on Omnidirectional Condenser Microphone for iPhone & Android Smartphones or Any Other Mobile Device (AU-SMCR),AuraLuna,5.0 ,the United States on 26 November 2019
https://m.media-amazon.com/images/I/31ryNRZHzuL._AC_US60_SCLZZZZZZZ__.jpg,Sabrent Lavalier/Lapel Clip-on Omnidirectional Condenser Microphone for iPhone & Android Smartphones or Any Other Mobile Device (AU-SMCR),Jeanica T,5.0 ,the United States on 17 August 2016
https://m.media-amazon.com/images/I/31ryNRZHzuL._AC_US60_SCLZZZZZZZ__.jpg,Sabrent Lavalier/Lapel Clip-on Omnidirectional Condenser Microphone for iPhone & Android Smartphones or Any Other Mobile Device (AU-SMCR),James Mcgill,4.0 ,the United States on 27 December 2016
https://m.media-amazon.com/images/I/31ryNRZHzuL._AC_US60_SCLZZZZZZZ__.jpg,Sabrent Lavalier/Lapel Clip-on Omnidirectional Condenser Microphone for iPhone & Android Smartphones or Any Other Mobile Device (AU-SMCR),Debra R,5.0 ,the United States on 26 January 2017
https://m.media-amazon.com/images/I/31ryNRZHzuL._AC_US60_SCLZZZZZZZ__.jpg,Sabrent Lavalier/Lapel Clip-on Omnidirectional Condenser Microphone for iPhone & Android Smartphones or Any Other Mobile Device (AU-SMCR),TJP77,4.0 ,the United States on 18 December 2017
https://m.media-amazon.com/images/I/31ryNRZHzuL._AC_US60_SCLZZZZZZZ__.jpg,Sabrent Lavalier/Lapel Clip-on Omnidirectional Condenser Microphone for iPhone & Android Smartphones or Any Other Mobile Device (AU-SMCR),Diana Rodriguez,5.0 ,the United States on 6 September 2016
https://m.media-amazon.com/images/I/31ryNRZHzuL._AC_US60_SCLZZZZZZZ__.jpg,Sabrent Lavalier/Lapel Clip-on Omnidirectional Condenser Microphone for iPhone & Android Smartphones or Any Other Mobile Device (AU-SMCR),joseph bush,4.0 ,the United States on 2 August 2016
https://m.media-amazon.com/images/I/31ryNRZHzuL._AC_US60_SCLZZZZZZZ__.jpg,Sabrent Lavalier/Lapel Clip-on Omnidirectional Condenser Microphone for iPhone & Android Smartphones or Any Other Mobile Device (AU-SMCR),Saima S.,5.0 ,the United States on 23 February 2020
https://m.media-amazon.com/images/I/31ryNRZHzuL._AC_US60_SCLZZZZZZZ__.jpg,Sabrent Lavalier/Lapel Clip-on Omnidirectional Condenser Microphone for iPhone & Android Smartphones or Any Other Mobile Device (AU-SMCR),Ben,5.0 ,the United States on 22 August 2016
https://m.media-amazon.com/images/I/31ryNRZHzuL._AC_US60_SCLZZZZZZZ__.jpg,Sabrent Lavalier/Lapel Clip-on Omnidirectional Condenser Microphone for iPhone & Android Smartphones or Any Other Mobile Device (AU-SMCR),Duane H. Cook,5.0 ,the United States on 5 February 2020
https://m.media-amazon.com/images/I/31ryNRZHzuL._AC_US60_SCLZZZZZZZ__.jpg,Sabrent Lavalier/Lapel Clip-on Omnidirectional Condenser Microphone for iPhone & Android Smartphones or Any Other Mobile Device (AU-SMCR),Gregory W. Gillette,5.0 ,the United States on 21 July 2017
https://m.media-amazon.com/images/I/31ryNRZHzuL._AC_US60_SCLZZZZZZZ__.jpg,Sabrent Lavalier/Lapel Clip-on Omnidirectional Condenser Microphone for iPhone & Android Smartphones or Any Other Mobile Device (AU-SMCR),Molly Burley,5.0 ,the United States on 16 December 2016
https://m.media-amazon.com/images/I/31ryNRZHzuL._AC_US60_SCLZZZZZZZ__.jpg,Sabrent Lavalier/Lapel Clip-on Omnidirectional Condenser Microphone for iPhone & Android Smartphones or Any Other Mobile Device (AU-SMCR),MattP,4.0 ,the United States on 27 April 2017
https://m.media-amazon.com/images/I/31ryNRZHzuL._AC_US60_SCLZZZZZZZ__.jpg,Sabrent Lavalier/Lapel Clip-on Omnidirectional Condenser Microphone for iPhone & Android Smartphones or Any Other Mobile Device (AU-SMCR),JA,5.0 ,the United States on 16 July 2016
https://m.media-amazon.com/images/I/31ryNRZHzuL._AC_US60_SCLZZZZZZZ__.jpg,Sabrent Lavalier/Lapel Clip-on Omnidirectional Condenser Microphone for iPhone & Android Smartphones or Any Other Mobile Device (AU-SMCR),Almarketing,5.0 ,the United States on 2 February 2019
https://m.media-amazon.com/images/I/31ryNRZHzuL._AC_US60_SCLZZZZZZZ__.jpg,Sabrent Lavalier/Lapel Clip-on Omnidirectional Condenser Microphone for iPhone & Android Smartphones or Any Other Mobile Device (AU-SMCR),CDobos,5.0 ,the United States on 22 July 2018
https://m.media-amazon.com/images/I/31ryNRZHzuL._AC_US60_SCLZZZZZZZ__.jpg,Sabrent Lavalier/Lapel Clip-on Omnidirectional Condenser Microphone for iPhone & Android Smartphones or Any Other Mobile Device (AU-SMCR),AZ Crazy,1.0 ,the United States on 19 June 2017
https://m.media-amazon.com/images/I/31ryNRZHzuL._AC_US60_SCLZZZZZZZ__.jpg,Sabrent Lavalier/Lapel Clip-on Omnidirectional Condenser Microphone for iPhone & Android Smartphones or Any Other Mobile Device (AU-SMCR),Joel B.,5.0 ,the United States on 26 December 2019
https://m.media-amazon.com/images/I/31ryNRZHzuL._AC_US60_SCLZZZZZZZ__.jpg,Sabrent Lavalier/Lapel Clip-on Omnidirectional Condenser Microphone for iPhone & Android Smartphones or Any Other Mobile Device (AU-SMCR),ChriSmitty,4.0 ,the United States on 18 October 2017
https://m.media-amazon.com/images/I/31ryNRZHzuL._AC_US60_SCLZZZZZZZ__.jpg,Sabrent Lavalier/Lapel Clip-on Omnidirectional Condenser Microphone for iPhone & Android Smartphones or Any Other Mobile Device (AU-SMCR),Dioraysa,3.0 ,the United States on 3 September 2017
https://m.media-amazon.com/images/I/31ryNRZHzuL._AC_US60_SCLZZZZZZZ__.jpg,Sabrent Lavalier/Lapel Clip-on Omnidirectional Condenser Microphone for iPhone & Android Smartphones or Any Other Mobile Device (AU-SMCR),Terry W. Hayes,5.0 ,the United States on 4 May 2018
https://m.media-amazon.com/images/I/31ryNRZHzuL._AC_US60_SCLZZZZZZZ__.jpg,Sabrent Lavalier/Lapel Clip-on Omnidirectional Condenser Microphone for iPhone & Android Smartphones or Any Other Mobile Device (AU-SMCR),Amanda,1.0 ,the United States on 14 July 2016
https://m.media-amazon.com/images/I/31ryNRZHzuL._AC_US60_SCLZZZZZZZ__.jpg,Sabrent Lavalier/Lapel Clip-on Omnidirectional Condenser Microphone for iPhone & Android Smartphones or Any Other Mobile Device (AU-SMCR),rafa,4.0 ,the United States on 7 February 2017
https://m.media-amazon.com/images/I/31ryNRZHzuL._AC_US60_SCLZZZZZZZ__.jpg,Sabrent Lavalier/Lapel Clip-on Omnidirectional Condenser Microphone for iPhone & Android Smartphones or Any Other Mobile Device (AU-SMCR),Clark G,4.0 ,the United States on 23 December 2016
https://m.media-amazon.com/images/I/31ryNRZHzuL._AC_US60_SCLZZZZZZZ__.jpg,Sabrent Lavalier/Lapel Clip-on Omnidirectional Condenser Microphone for iPhone & Android Smartphones or Any Other Mobile Device (AU-SMCR),Ruy del rio,4.0 ,the United States on 6 December 2016
https://m.media-amazon.com/images/I/31ryNRZHzuL._AC_US60_SCLZZZZZZZ__.jpg,Sabrent Lavalier/Lapel Clip-on Omnidirectional Condenser Microphone for iPhone & Android Smartphones or Any Other Mobile Device (AU-SMCR),Benjamin Sensei,5.0 ,the United States on 3 January 2017
https://m.media-amazon.com/images/I/31ryNRZHzuL._AC_US60_SCLZZZZZZZ__.jpg,Sabrent Lavalier/Lapel Clip-on Omnidirectional Condenser Microphone for iPhone & Android Smartphones or Any Other Mobile Device (AU-SMCR),Jennifer Thompson ,5.0 ,the United States on 18 August 2016
https://m.media-amazon.com/images/I/31ryNRZHzuL._AC_US60_SCLZZZZZZZ__.jpg,Sabrent Lavalier/Lapel Clip-on Omnidirectional Condenser Microphone for iPhone & Android Smartphones or Any Other Mobile Device (AU-SMCR),Monsieur B,5.0 ,the United States on 28 September 2016
https://m.media-amazon.com/images/I/31ryNRZHzuL._AC_US60_SCLZZZZZZZ__.jpg,Sabrent Lavalier/Lapel Clip-on Omnidirectional Condenser Microphone for iPhone & Android Smartphones or Any Other Mobile Device (AU-SMCR),Patrick,5.0 ,the United States on 27 January 2017
https://m.media-amazon.com/images/I/31ryNRZHzuL._AC_US60_SCLZZZZZZZ__.jpg,Sabrent Lavalier/Lapel Clip-on Omnidirectional Condenser Microphone for iPhone & Android Smartphones or Any Other Mobile Device (AU-SMCR),Mmunites,4.0 ,the United States on 16 June 2017
https://m.media-amazon.com/images/I/31ryNRZHzuL._AC_US60_SCLZZZZZZZ__.jpg,Sabrent Lavalier/Lapel Clip-on Omnidirectional Condenser Microphone for iPhone & Android Smartphones or Any Other Mobile Device (AU-SMCR),Amazon Customer,5.0 ,the United States on 30 July 2017
https://m.media-amazon.com/images/I/31ryNRZHzuL._AC_US60_SCLZZZZZZZ__.jpg,Sabrent Lavalier/Lapel Clip-on Omnidirectional Condenser Microphone for iPhone & Android Smartphones or Any Other Mobile Device (AU-SMCR),DSLR Shooter,1.0 ,the United States on 5 July 2017
https://m.media-amazon.com/images/I/31ryNRZHzuL._AC_US60_SCLZZZZZZZ__.jpg,Sabrent Lavalier/Lapel Clip-on Omnidirectional Condenser Microphone for iPhone & Android Smartphones or Any Other Mobile Device (AU-SMCR),Cesar Guerrero,5.0 ,the United States on 16 July 2016
https://m.media-amazon.com/images/I/31ryNRZHzuL._AC_US60_SCLZZZZZZZ__.jpg,Sabrent Lavalier/Lapel Clip-on Omnidirectional Condenser Microphone for iPhone & Android Smartphones or Any Other Mobile Device (AU-SMCR),Victor,4.0 ,the United States on 29 June 2017
https://m.media-amazon.com/images/I/31ryNRZHzuL._AC_US60_SCLZZZZZZZ__.jpg,Sabrent Lavalier/Lapel Clip-on Omnidirectional Condenser Microphone for iPhone & Android Smartphones or Any Other Mobile Device (AU-SMCR),Mikhail,5.0 ,the United States on 9 April 2020
https://m.media-amazon.com/images/I/31ryNRZHzuL._AC_US60_SCLZZZZZZZ__.jpg,Sabrent Lavalier/Lapel Clip-on Omnidirectional Condenser Microphone for iPhone & Android Smartphones or Any Other Mobile Device (AU-SMCR),Paul Pond,5.0 ,the United States on 26 March 2017
https://m.media-amazon.com/images/I/31ryNRZHzuL._AC_US60_SCLZZZZZZZ__.jpg,Sabrent Lavalier/Lapel Clip-on Omnidirectional Condenser Microphone for iPhone & Android Smartphones or Any Other Mobile Device (AU-SMCR),Ana Caban's Amazon Shop,5.0 ,the United States on 11 August 2016
https://m.media-amazon.com/images/I/31ryNRZHzuL._AC_US60_SCLZZZZZZZ__.jpg,Sabrent Lavalier/Lapel Clip-on Omnidirectional Condenser Microphone for iPhone & Android Smartphones or Any Other Mobile Device (AU-SMCR),Upstreet,5.0 ,the United States on 6 September 2018
https://m.media-amazon.com/images/I/31ryNRZHzuL._AC_US60_SCLZZZZZZZ__.jpg,Sabrent Lavalier/Lapel Clip-on Omnidirectional Condenser Microphone for iPhone & Android Smartphones or Any Other Mobile Device (AU-SMCR),John M,4.0 ,the United States on 16 December 2016
https://m.media-amazon.com/images/I/31ryNRZHzuL._AC_US60_SCLZZZZZZZ__.jpg,Sabrent Lavalier/Lapel Clip-on Omnidirectional Condenser Microphone for iPhone & Android Smartphones or Any Other Mobile Device (AU-SMCR),Amazon Customer,5.0 ,the United States on 26 June 2016
https://m.media-amazon.com/images/I/31ryNRZHzuL._AC_US60_SCLZZZZZZZ__.jpg,Sabrent Lavalier/Lapel Clip-on Omnidirectional Condenser Microphone for iPhone & Android Smartphones or Any Other Mobile Device (AU-SMCR),Josh,5.0 ,the United States on 14 August 2016
https://m.media-amazon.com/images/I/31ryNRZHzuL._AC_US60_SCLZZZZZZZ__.jpg,Sabrent Lavalier/Lapel Clip-on Omnidirectional Condenser Microphone for iPhone & Android Smartphones or Any Other Mobile Device (AU-SMCR),Cierra VO,3.0 ,the United States on 5 July 2017
https://m.media-amazon.com/images/I/31ryNRZHzuL._AC_US60_SCLZZZZZZZ__.jpg,Sabrent Lavalier/Lapel Clip-on Omnidirectional Condenser Microphone for iPhone & Android Smartphones or Any Other Mobile Device (AU-SMCR),LONG,5.0 ,the United States on 22 February 2017
https://m.media-amazon.com/images/I/31ryNRZHzuL._AC_US60_SCLZZZZZZZ__.jpg,Sabrent Lavalier/Lapel Clip-on Omnidirectional Condenser Microphone for iPhone & Android Smartphones or Any Other Mobile Device (AU-SMCR),KD Homans,4.0 ,the United States on 4 June 2016
https://m.media-amazon.com/images/I/31ryNRZHzuL._AC_US60_SCLZZZZZZZ__.jpg,Sabrent Lavalier/Lapel Clip-on Omnidirectional Condenser Microphone for iPhone & Android Smartphones or Any Other Mobile Device (AU-SMCR),musiclover1,3.0 ,the United States on 29 May 2017
https://m.media-amazon.com/images/I/31ryNRZHzuL._AC_US60_SCLZZZZZZZ__.jpg,Sabrent Lavalier/Lapel Clip-on Omnidirectional Condenser Microphone for iPhone & Android Smartphones or Any Other Mobile Device (AU-SMCR),D,1.0 ,the United States on 15 August 2016
https://m.media-amazon.com/images/I/31ryNRZHzuL._AC_US60_SCLZZZZZZZ__.jpg,Sabrent Lavalier/Lapel Clip-on Omnidirectional Condenser Microphone for iPhone & Android Smartphones or Any Other Mobile Device (AU-SMCR),Mitchell J Cerroni,2.0 ,the United States on 3 July 2016
https://m.media-amazon.com/images/I/31ryNRZHzuL._AC_US60_SCLZZZZZZZ__.jpg,Sabrent Lavalier/Lapel Clip-on Omnidirectional Condenser Microphone for iPhone & Android Smartphones or Any Other Mobile Device (AU-SMCR),E,1.0 ,the United States on 19 August 2016
https://m.media-amazon.com/images/I/31ryNRZHzuL._AC_US60_SCLZZZZZZZ__.jpg,Sabrent Lavalier/Lapel Clip-on Omnidirectional Condenser Microphone for iPhone & Android Smartphones or Any Other Mobile Device (AU-SMCR),Jay Rally,5.0 ,Italy on 6 June 2017
https://m.media-amazon.com/images/I/31ryNRZHzuL._AC_US60_SCLZZZZZZZ__.jpg,Sabrent Lavalier/Lapel Clip-on Omnidirectional Condenser Microphone for iPhone & Android Smartphones or Any Other Mobile Device (AU-SMCR),Gabriele,5.0 ,Italy on 16 September 2017
