Image_Url, Item_Name, Item_Price, Average_Rating, Number_Review
https://m.media-amazon.com/images/I/413q176U3GL._AC_UL320_.jpg,Arlo Pro 2 VMS4330P - Wireless Home Security Camera System with Siren | Rechargeable| Night vision| Indoor/Outdoor| 1080p| 2-Way Audio| Wall Mount | Cloud Storage Included | 3 camera kit,S$816.26,4.3,7'952
https://m.media-amazon.com/images/I/81VnTSgQgQL._AC_UL320_.jpg,SAMSUNG Galaxy S9+ Factory Unlocked Smartphone 64GB - Midnight Black,S$1'028.03,4.4,7'475
https://m.media-amazon.com/images/I/71RxOftVoQL._AC_UL320_.jpg,Samsung Galaxy S20 FE 5G | Factory Unlocked Android Cell Phone | 128 GB | US Version Smartphone | Pro-Grade Camera| 30X Space Zoom| Night Mode | Cloud Navy,S$835.06,4.5,5'620
https://m.media-amazon.com/images/I/71ouXIR8m+L._AC_UL320_.jpg,SAMSUNG Galaxy S20 FE 5G Factory Unlocked Android Cell Phone 128GB US Version Smartphone Pro-Grade Camera 30X Space Zoom Night Mode| Cloud Lavender,S$847.07,4.5,5'620
https://m.media-amazon.com/images/I/712iry8nIYL._AC_UL320_.jpg,SAMSUNG Galaxy S20 FE 5G Factory Unlocked Android Cell Phone 128GB US Version Smartphone Pro-Grade Camera 30X Space Zoom Night Mode| Cloud Mint Green,S$1'135.04,4.5,5'620
https://m.media-amazon.com/images/I/71Y64uHIDlL._AC_UL320_.jpg,SAMSUNG Galaxy S20 FE 5G Factory Unlocked Android Cell Phone 128GB US Version Smartphone Pro-Grade Camera 30X Space Zoom Night Mode| Cloud White,S$846.07,4.5,5'620
https://m.media-amazon.com/images/I/61COIQCUxIL._AC_UL320_.jpg,New Samsung Galaxy A71 Dual SIM 128GB 8GB RAM 4G LTE Smartphone Blue,S$585.94,4.4,5'540
https://m.media-amazon.com/images/I/41-be2KEs6L._AC_UL320_.jpg,Micro USB OTG to USB 2.0 Adapter| SD/Micro SD Card Reader with Standard USB Male & Micro USB Male Connector for Smartphones/Tablets with OTG Function,S$12.18,4.4,5'087
https://m.media-amazon.com/images/I/61NG9g2d9ZS._AC_UL320_.jpg,Withings/Nokia Body Cardio – Heart Health & Body Composition Digital Wi-Fi Scale with smartphone app,S$289.59,4.3,4'827
https://m.media-amazon.com/images/I/71k7rwYeETL._AC_UL320_.jpg,SAMSUNG EVO Select Micro SD Memory Card + Adapter| 256GB microSDXC 130MB/s Full HD & 4K UHD| UHS-I| U3| A2| V30| Expanded Storage for Android Smartphones| Tablets| Nintendo Switch (MB-ME256KA/AM),S$39.42,4.8,4'573
https://m.media-amazon.com/images/I/81AT+Flc+EL._AC_UL320_.jpg,Samsung Galaxy Note 20 Ultra 5G Factory Unlocked Android Cell Phone 128GB US Version Mobile Gaming Smartphone Long-Lasting Battery| Mystic Bronze,S$1'759.26,4.6,4'357
https://m.media-amazon.com/images/I/81bOZwZvGwL._AC_UL320_.jpg,Carson MicroFlip 100x-250x LED and UV Lighted Pocket Microscope with Flip Down Slide Base and Smartphone Digiscoping Clip Bundle Included with 24 Prepared Insect and Animal Slides (MP-250BUN),S$31.25,4.1,4'287
https://m.media-amazon.com/images/I/61Jm8NXNc5L._AC_UL320_.jpg,Samsung Electronics Galaxy Watch 4 44mm Smartwatch with ECG Monitor Tracker for Health Fitness Running Sleep Cycles GPS Fall Detection Bluetooth US Version| Black,S$328.45,4.6,3'815
https://m.media-amazon.com/images/I/61aCopNtt7L._AC_UL320_.jpg,Samsung Electronics Galaxy Watch 4 40mm Smartwatch with ECG Monitor Tracker for Health Fitness Running Sleep Cycles GPS Fall Detection Bluetooth US Version| Black,S$287.39,4.6,3'815
https://m.media-amazon.com/images/I/61StAtbybxL._AC_UL320_.jpg,Samsung Electronics Galaxy Watch 4 44mm Smartwatch with ECG Monitor Tracker for Health Fitness Running Sleep Cycles GPS Fall Detection Bluetooth US Version| Green,S$328.45,4.6,3'815
https://m.media-amazon.com/images/I/61kAqcLvUIS._AC_UL320_.jpg,SAMSUNG Galaxy Watch 4 40mm Smartwatch with ECG Monitor Tracker for Health Fitness Running Sleep Cycles GPS Fall Detection Bluetooth US Version| Pink Gold,S$287.39,4.6,3'815
https://m.media-amazon.com/images/I/619JByzmgWL._AC_UL320_.jpg,JOBY GripTight ONE GorillaPod Stand: Flexible Tripod and Mount for Smartphones from iPhone SE to iPhone 8 Plus| Google Pixel| Samsung Galaxy S8 and More| Black (JB01491),S$58.61,4.4,3'646
https://m.media-amazon.com/images/I/81MDjcE2nUL._AC_UL320_.jpg,Purple Panda Lavalier Lapel Microphone Kit - Clip-on Omnidirectional Condenser Lav Mic Compatible with iPhone| iPad| GoPro| DSLR| Zoom/Tascam Recorder| Samsung| Android| PS4,S$59.76,4.4,3'551
https://m.media-amazon.com/images/I/41KsdUia+gL._AC_UL320_.jpg,Macally Table Lamp with USB Ports - 4 High Powered Port USB Lamp with Dimmable Warm White Light - Perfect as Small Bedside Lamp for Nightstand - Use as Bedside Night Light,S$70.07,4.7,3'351
https://m.media-amazon.com/images/I/816jn2Wtx8L._AC_UL320_.jpg,iOttie Wireless Car Charger Auto Sense Qi Charging Automatic Clamping Dashboard Phone Mount for iPhone| Samsung Galaxy| Huawei| LG| Smartphones,S$55.04,4.3,3'119
https://m.media-amazon.com/images/I/61aukLzYBBL._AC_UL320_.jpg,ANJANK Wooden Digital Alarm Clock FM Radio|10W Fast Wireless Charger Station for iPhone/Samsung Galaxy|5 Level Dimmer|USB Charging Port|2 Wake up Sounds|Bedrooms Sleep Timer|Wood LED Clock for Bedside,S$107.76,4.5,2'233
https://m.media-amazon.com/images/I/61yQcCGu++L._AC_UL320_.jpg,Satechi Universal Smartphone CD Slot Mount - Compatible with iPhone 11 Pro Max/11 Pro/11| XS Max/XS/XR/X| Samsung Galaxy S10 Plus/S10| Nexus 5X/6P,S$24.99,4.2,2'210
https://m.media-amazon.com/images/I/81894-4or0L._AC_UL320_.jpg,Lavalier Lapel Microphone 2 Pack Bundle - Professional Omnidirectional Lavalier Mic with Clip-on Lapel Mic Compatible with iPhone| Samsung Android| GoPro & DSLR - Lapel Microphone for YouTube,S$53.46,4.2,2'038
https://m.media-amazon.com/images/I/61OBFWmf34L._AC_UL320_.jpg,MoKo Stylus Pen(4PCS)| Universal Capacitive Touch Screen Rubber Tip Digital Pen Compatible with iPad| iPhone| Samsung| Kindle| All Capacitive Touch Screen Devices Smartphones & Tablets - Rose Gold,S$18.99,4.4,1'649
https://m.media-amazon.com/images/I/717tfk1IjqL._AC_UL320_.jpg,TORRAS Magnetic Phone Holder for Car [6 Upgraded Super Magnets] [Case Friendly] Magnetic Car Mount Car Phone Holder Mount for Air Vent Compatible with iPhone| Samsung| All Smartphones,S$30.04,4.4,1'529
https://m.media-amazon.com/images/I/61IKwuO5jpL._AC_UL320_.jpg,iOttie Easy One Touch 5 Cup Holder Universal Car Mount Phone Holder for iPhone| Samsung| Moto| Huawei| Nokia| LG| Smartphones,S$55.50,4.5,1'521
https://m.media-amazon.com/images/I/61LMx-AGdtL._AC_UL320_.jpg,Sense-U Baby Monitor with Breathing Rollover Movement Temperature Sensors: Track Your Baby's Breathing| Rollover| Temperature(Newest Model for Best Accuracy),S$139.00,4,1'511
https://m.media-amazon.com/images/I/61uaGIWA7sL._AC_UL320_.jpg,Samsung Galaxy A42 5G| Factory Unlocked Smartphone| Android Cell Phone| Multi-Lens Camera| Long-Lasting Battery| US Version| 128GB| White,S$592.21,4.3,1'363
https://m.media-amazon.com/images/I/91cMHXMo3OL._AC_UL320_.jpg,Samsung Electronics Galaxy A12| Factory Unlocked Smartphone| Android Cell Phone| Multi-Camera System| Expandable Storage| US Version| 32GB| Black,S$248.70,4.3,1'363
https://m.media-amazon.com/images/I/51W+N6SB5mL._AC_UL320_.jpg,Samsung Electronics Galaxy Watch 4 Classic 42mm Smartwatch with ECG Monitor Tracker for Health Fitness Running Sleep Cycles GPS Fall Detection Bluetooth US Version| Silver,S$455.68,4.5,1'340
https://m.media-amazon.com/images/I/61e5V79gntL._AC_UL320_.jpg,Portable 40 Inch Aluminum Alloy Selfie Stick Phone Tripod with Wireless Remote Shutter Compatible with iPhone 13 12 11 pro Xs Max Xr X 8 7 6 Plus| Android Samsung Smartphone,S$75.63,4.4,13'268
https://m.media-amazon.com/images/I/61XlDaL0ccL._AC_UL320_.jpg,SAMSUNG EP-TA800NBEGGB 25W PD Travel Adapter| Black,S$23.50,4.5,1'281
https://m.media-amazon.com/images/I/71gQdNxaqrL._AC_UL320_.jpg,SAMSUNG Galaxy Fit 2 Bluetooth Fitness Tracking Smart Band – Scarlet (US Version),S$149.04,4.4,1'180
https://m.media-amazon.com/images/I/81TaTZp6eqL._AC_UL320_.jpg,Boston Warehouse Recipies Cookbook and Tablet Holder| Recipes,S$31.27,4.7,1'100
https://m.media-amazon.com/images/I/61mpqxhZcRL._AC_UL320_.jpg,Comica CVM-VM10-K2 Smartphone Microphone with Tripod| Shotgun Video Mic for iPhone and Android Phone| Vlogging Kit for Youtube Recording Facebook Live,S$122.01,4.1,994
https://m.media-amazon.com/images/I/61pwE8H34zL._AC_UL320_.jpg,Samsung Galaxy A21S -A217M/DS 4G LTE 64GB + 4GB Ram LTE USA w/Four Cameras (48+8+2+2mp) Android International Version (GSM Only| Not CDMA) (Black),S$588.39,4.4,846
https://m.media-amazon.com/images/I/61qD8XySlyL._AC_UL320_.jpg,Movo Professional Lavalier Lapel Clip-on Interview Podcast Microphone with Secondary Mic and Headphone Monitoring Input for iPhone| iPad| Samsung| Android Smartphones| Tablets - Podcast Equipment,S$46.44,4.3,814
https://m.media-amazon.com/images/I/91V2YaISXUL._AC_UL320_.jpg,Eco-Fused Cleaning Pads - 6 Pack of 3 x 3 inches (7.8cmx7.8cm) Pads - Ideal for Cleaning Smart Phones| Apple iPhone| Samsung| BlackBerry| Android Phones| Tablets| Laptops| Computers| TV Screens,S$22.95,4.2,795
https://m.media-amazon.com/images/I/81KxWoZvzhL._AC_UL320_.jpg,Total Wireless Samsung Galaxy A10e 4G LTE Prepaid Smartphone (Locked) - Black - 32GB - SIM Card Included - CDMA,S$121.30,4.3,672
https://m.media-amazon.com/images/I/71zUOMJSpSL._AC_UL320_.jpg,Screen Opening Tool| Fosmon LCD Screen Opening Pliers Splitter with Strong Swivel Suction Cups Repairing Tools Separator for Apple iPhone| iPod| iPad| Samsung Galaxy| Smartphone & More,S$240.00,4.1,575
https://m.media-amazon.com/images/I/81t8kQP6OQL._AC_UL320_.jpg,Samsung Galaxy A12 (A125M) 64GB Dual SIM| GSM Unlocked| (CDMA Verizon/Sprint Not Supported) Smartphone Latin American Version No Warranty (Black),S$257.24,4.2,574
https://m.media-amazon.com/images/I/61Sa0nFJFxL._AC_UL320_.jpg,Samsung Galaxy A12 (A125M) 64GB Dual SIM| GSM Unlocked| (CDMA Verizon/Sprint Not Supported) Smartphone Latin American Version No Warranty (White),S$243.80,4.2,574
https://m.media-amazon.com/images/I/81PiWcbBJYL._AC_UL320_.jpg,Samsung Electronics Galaxy Z Fold 3 Phone Case with S Pen| Protective Cover| Heavy Duty| Shockproof Smartphone Protector| US Version| Black|EF-FF92PCBEGUS,S$87.58,3.8,487
https://m.media-amazon.com/images/I/71A9CcSzS2L._AC_UL320_.jpg,[2PACK] Whitestone Dome Glass Screen Protector for Samsung Galaxy S22 Ultra| Full Tempered Glass Shield with Liquid Dispersion Tech [Easy to Install Kit] Smart Phone Screen Guard - Two Pack,S$88.07,3.5,479
https://m.media-amazon.com/images/I/51eOhGOaHQL._AC_UL320_.jpg,Samsung Galaxy Note 10+ N975F/DS 256GB| 6.8' Dynamic AMOLED Screen| 12GB RAM| Quad Camera| 4K UHD Factory Unlocked LTE Smartphone - (International Version) (Aura Glow),S$1'149.79,4.5,475
https://m.media-amazon.com/images/I/81jxZZHfraL._AC_UL320_.jpg,Samsung Galaxy S20 FE G780F| International Version (No US Warranty)| 128GB| Cloud Lavender - GSM Unlocked,S$734.67,4,426
https://m.media-amazon.com/images/I/71pc90VxCxL._AC_UL320_.jpg,BOYA BY-M1DM Dual Lavalier Microphones| Omnidirectional Condenser Clip-on Lapel Mic for Camera DSLR iPhone Android Smartphone Samsung Huawei Sony Laptop Interview YouTube,S$41.00,4.2,414
https://m.media-amazon.com/images/I/51f1ZhktStL._AC_UL320_.jpg,PULUZ Smartphone Video Rig Kit Smartphone Video Grip With Microphone + Video Light + Cold Shoe Tripod Head + Mini Tripod For Iphone Samsung And Most Phones Within 7-Inch Screen (Blue),S$113.89,4.4,410
https://m.media-amazon.com/images/I/81SJ62WEHEL._AC_UL320_.jpg,SAMSUNG SM-A125FZKHXSP Galaxy A12| Black| 128GB,S$198.00,4,380
https://m.media-amazon.com/images/I/817aOXLoNpL._AC_UL320_.jpg,Samsung Galaxy S22 Ultra Smartphone| Factory Unlocked Android Cell Phone| 128GB| 8K Camera & Video| Brightest Display| S Pen| Long Battery Life| Fast 4nm Processor| US Version| Phantom White,S$2'309.00,4.5,373
https://m.media-amazon.com/images/I/61kLsk8RslL._AC_UL320_.jpg,Samsung Electronics Galaxy S21 FE 5G Cell Phone| Factory Unlocked Android Smartphone| 128GB| 120Hz Display| Pro Grade Camera| All Day Intelligent Battery| US Version| White,S$845.80,4.5,373
https://m.media-amazon.com/images/I/61U6oC65TTL._AC_UL320_.jpg,Samsung Galaxy S22 Ultra Smartphone| Factory Unlocked Android Cell Phone| 512GB| 8K Camera & Video| Brightest Display| S Pen| Long Battery Life| Fast 4nm Processor| US Version| Phantom Black,S$2'599.00,4.5,373
https://m.media-amazon.com/images/I/61nhOdlKpDL._AC_UL320_.jpg,Samsung Galaxy S22 Ultra Smartphone| Factory Unlocked Android Cell Phone| 256GB| 8K Camera & Video| Brightest Display| S Pen| Long Battery Life| Fast 4nm Processor| US Version| Green,S$1'905.58,4.5,373
https://m.media-amazon.com/images/I/71MFE2UY6-L._AC_UL320_.jpg,Samsung Electronics Galaxy Z Fold 3 5G Factory Unlocked Android Cell Phone US Version Smartphone Tablet 2-in-1 Foldable Dual Screen Under Display Camera 256GB Storage| Phantom Black,S$2'198.39,4.5,373
https://m.media-amazon.com/images/I/61U6oC65TTL._AC_UL320_.jpg,Samsung Galaxy S22 Ultra Smartphone| Factory Unlocked Android Cell Phone| 128GB| 8K Camera & Video| Brightest Display| S Pen| Long Battery Life| Fast 4nm Processor| US Version| Phantom Black,S$1'760.17,4.5,373
https://m.media-amazon.com/images/I/71Wkk4n9olL._AC_UL320_.jpg,Samsung Galaxy S22 Ultra Smartphone| Factory Unlocked Android Cell Phone| 256GB| 8K Camera & Video| Brightest Display| S Pen| Long Battery Life| Fast 4nm Processor| US Version| Burgundy,S$1'905.62,4.5,373
https://m.media-amazon.com/images/I/71Wkk4n9olL._AC_UL320_.jpg,Samsung Electronics Galaxy S22 Ultra Smartphone| Factory Unlocked Android Cell Phone| 512GB| 8K Camera & Video| Brightest Display| S Pen| Long Battery Life| Fast 4nm Processor| US Version| Burgundy,S$2'815.00,4.5,373
https://m.media-amazon.com/images/I/61pP6pemX3L._AC_UL320_.jpg,Samsung Electronics Galaxy S21 FE 5G Cell Phone| Factory Unlocked Android Smartphone| 128GB| 120Hz Display| Pro Grade Camera| All Day Intelligent Battery| US Version| Olive,S$857.31,4.5,373
https://m.media-amazon.com/images/I/71HVqJ158CL._AC_UL320_.jpg,Miheal Led Light Strip| WiFi Wireless Smart Phone Controlled 65.6ft Non-Waterproof Strip Light Kit Black PCB 5050 LED Lights|Working with Android and iOS System|IFTTT,S$54.66,4.4,345
https://m.media-amazon.com/images/I/61xGVT8FAnL._AC_UL320_.jpg,Unlocked Smartphone|CUBOT Mobile Phone (8GB+256GB) with 6.4 Inch Hole Screen|Five AI Cameras 4200mAh Battery| 4G Dual Nano SIM Global Bands -Black,S$277.17,3.6,339
https://m.media-amazon.com/images/I/41iPSHUalYL._AC_UL320_.jpg,iHome TIMEBOOST Qi-Certified Wireless Charging Alarm Clock with Bluetooth Speaker| Auto-Dimming| Snooze| Battery Backup and USB Charging (Model iBTW41BG),S$116.88,3.5,295
https://m.media-amazon.com/images/I/51KD-YYgTHL._AC_UL320_.jpg,Samsung Electronics Galaxy Z Fold 3 Phone Case| Silicone Protective Cover| Heavy Duty| Shockproof Smartphone Protector| US Version| White (EF-PF926TWEGUS),S$47.53,4.1,272
https://m.media-amazon.com/images/I/51e9IojU7UL._AC_UL320_.jpg,Samsung Electronics Galaxy Z Fold 3 Phone Case| Silicone Protective Cover| Heavy Duty| Shockproof Smartphone Protector| US Version| Black|EF-PF926TBEGUS,S$49.60,4.1,272
https://m.media-amazon.com/images/I/71y6x3tEX6L._AC_UL320_.jpg,Samsung Electronics Galaxy Z Flip 3 Phone Case| Silicone Protective Cover with Strap| Heavy Duty| Shockproof Smartphone Protector| US Version| Navy|EF-GF711TNEGUS,S$49.64,4.5,269
https://m.media-amazon.com/images/I/61XC1vnhwiL._AC_UL320_.jpg,Samsung Electronics Galaxy Z Flip 3 Phone Case| Silicone Protective Cover with Strap| Heavy Duty| Shockproof Smartphone Protector| US Version| White|EF-GF711TWEGUS,S$43.69,4.5,269
https://m.media-amazon.com/images/I/81vV3hbn8jL._AC_UL320_.jpg,SAMSUNG SM-A125FZBHXSP Galaxy A12| Blue| 128GB,S$198.00,4.1,247
https://m.media-amazon.com/images/I/71Ydg238veL._AC_UL320_.jpg,Upgraded 2022 Type-C Lavalier Microphone with Adapter - Omnidirectional USB C Lav Mic for Android| PC| Mac| Recorders - YouTube Interview Vlogging ASMR Dictation,S$53.53,4,245
https://m.media-amazon.com/images/I/71+Yg38w5YL._AC_UL320_.jpg,Lavalier Lapel Microphone Kit Clip On Omnidirectional Condenser Lav Mic for iPhone| Ipad| DSLR| Camcorder| Zoom/Tascam Recorder| PC| MacBook| Samsung Android| Smartphones,S$30.57,3.9,237
https://m.media-amazon.com/images/I/51ELoL0VmkL._AC_UL320_.jpg,Samsung Galaxy S5 For Dummies,S$28.26,4.3,226
https://m.media-amazon.com/images/I/51JAOd2TCPL._AC_UL320_.jpg,Samsung Galaxy S8 For Dummies,S$9.82,4,221
https://m.media-amazon.com/images/I/81jSrAHX0wL._AC_UL320_.jpg,LinkOn Ganius 166W (136W Certified) Wall Charger GaN Tech 100W USB-C PD3.0 PPS and 18W USB-A QC4.0+ Compatible with MacBook Dell HP Lenovo Samsung S20 Note 10+ Laptop Travel International Adapter,S$84.27,4.2,196
https://m.media-amazon.com/images/I/51Eh5OTaSAL._AC_UL320_.jpg,Samsung Galaxy S9 For Dummies,S$27.89,4.2,169
https://m.media-amazon.com/images/I/51dmz0HMPQL._AC_UL320_.jpg,UGREEN Cell Phone Stand Holder Mobile Phone Dock Compatible with iPhone 13 12 11 Pro Max SE XS XR 8 7 6| Samsung Galaxy S9 S8 S7 Edge| Android Smartphone Holder for Desk (White),S$9.99,4.6,149
https://m.media-amazon.com/images/I/518AlpsFbEL._AC_UL320_.jpg,UGREEN Cell Phone Stand Holder Mobile Phone Dock Compatible with iPhone 13 12 11 Pro Max SE XS XR 8 Plus 6 7| Samsung Galaxy S9 S8 S7 Edge S6| Android Smartphone Holder for Desk (Black),S$9.99,4.6,149
https://m.media-amazon.com/images/I/813wMH5eLxL._AC_UL320_.jpg,Kevo Convert – Upgrades Your Standard Deadbolt Interior to a Smart Lock| Works with Amazon Alexa via Kevo Plus Connected Hub| in Venetian Bronze,S$212.61,3.3,143
https://m.media-amazon.com/images/I/61T0hibp0CS._AC_UL320_.jpg,BOYA Microphones by-M1 Compact Smartphone Camera DSLR Lavalier Microphones for iPhone Android Samsung Sony Nikon (19.7ft),S$20.93,4.2,137
https://m.media-amazon.com/images/I/81a8EMHOPwL._AC_UL320_.jpg,Samsung Galaxy Z Fold 3 Phone Case| Aramid Protective Cover| Heavy Duty| Shockproof Smartphone Protector| Black,S$94.11,4.3,134
https://m.media-amazon.com/images/I/61Q4Oxyus6L._AC_UL320_.jpg,2.4GHz Wireless Microphone System Two Transmitters for USB-C Devices| Saramonic Ultracompact Dual-channel Mic for Type-C Smartphones Pad Tablet Huawei Mate 10 Samsung Galaxy Note 9 Plus Xiaomi LG Live,S$302.97,4.4,129
https://m.media-amazon.com/images/I/61kiR4PSXkL._AC_UL320_.jpg,iOttie Auto Sense Qi Wireless Charging Car Charger Automatic Clamping Cup Holder Phone Mount for iPhone| Samsung Galaxy| Huawei| LG| Smartphones,S$89.00,4.2,121
https://m.media-amazon.com/images/I/51GeFe23boL._AC_UL320_.jpg,SP Connect SU 55131 Samsung S20 Phone Case,S$47.86,4.5,117
https://m.media-amazon.com/images/I/61yyCpHDX-L._AC_UL320_.jpg,Guitar Bass Ukulele Headstock Cell Phone Holder| Live Broadcast Bracket Clip for iPhone Samsung Smart Phones| Mount for Close Up Home Music Recording,S$23.91,4.2,116
https://m.media-amazon.com/images/I/61z82RaGIGL._AC_UL320_.jpg,Samsung Galaxy Z Flip SM-F700F/DS Dual-SIM 256GB (GSM Only | No CDMA) Factory Unlocked Android 4G/LTE Smartphone - International Version (Mirror Black),S$1'285.31,3.9,115
https://m.media-amazon.com/images/I/71zWYnkgvcL._AC_UL320_.jpg,Comica CVM-WM200(A) 96-Channel Full Metal UHF Professional Wireless Dual Lavalier Microphone System for Canon Nikon Sony Panasonic D/SLR Camera|XLR camcorder & Smartphone (394-Foot Range)(2TX+1RX),S$632.20,4.2,112
https://m.media-amazon.com/images/I/81CZCE3ZqnL._AC_UL320_.jpg,Samsung Galaxy S7 For Dummies,S$28.33,3.9,112
https://m.media-amazon.com/images/I/61ZNIHIEUqL._AC_UL320_.jpg,Samsung Galaxy S21 FE 5G Cell Phone| Factory Unlocked Android Smartphone| 128GB| 120Hz Display| Pro Grade Camera| All Day Intelligent Battery| US Version| Graphite,S$846.33,4.4,110
https://m.media-amazon.com/images/I/71Axky6HkOL._AC_UL320_.jpg,BOYA BY-M1DM Dual Lavalier Microphone| Lapel Clip-on Omnidirectional Condenser Mic for iOS iPhone Android Phone DSLR Camera Guitar Recording YouTube Interview Podcast Blog Vlog,S$42.64,4.4,95
https://m.media-amazon.com/images/I/81cez6RPbBL._AC_UL320_.jpg,Macally Windshield Phone Mount| Adjustable Suction Cup Window Mount Phone Holder for iPhone XS XS Max XR X 8 Plus 7+ 6s 6 Plus SE Samsung Galaxy Note9 S9 S9+ S8 Note 5 Nexus Xperia Moto Smartphones,S$33.25,3.7,90
https://m.media-amazon.com/images/I/811KA14ReNL._AC_UL320_.jpg,"SAMSUNG SM-G998BZKGXSP Galaxy S21 Ultra 5G Smartphone| 6.8"" AMOLED| 12GB RAM| 256GB ROM| Android 10 OS| Phantom Black",S$2'094.00,4.3,87
https://m.media-amazon.com/images/I/618LuqyIX6L._AC_UL320_.jpg,Samsung Galaxy A12 (A127F) 128GB Dual SIM| GSM Unlocked| (CDMA Verizon/Sprint Not Supported) Smartphone International Version (Fast Car Charger Bundle) No Warranty (Blue),S$247.90,4.1,85
https://m.media-amazon.com/images/I/51w-B6ctICL._AC_UL320_.jpg,Samsung Galaxy S8| 64GB| Maple Gold,S$1'148.00,4.2,82
https://m.media-amazon.com/images/I/51FYKqGvmJL._AC_UL320_.jpg,imusti Guide Book : My Samsung Galaxy S6 For Seniors,S$33.44,4.5,79
https://m.media-amazon.com/images/I/71aEYoSV4bL._AC_UL320_.jpg,Samsung Galaxy S6 for Dummies,S$28.26,3.8,76
https://m.media-amazon.com/images/I/61KvoJhPvxL._AC_UL320_.jpg,BACtrack C6 Keychain Breathalyzer | Professional-Grade Accuracy | Optional Wireless Connectivity to Apple iPhone| Google & Samsung Android Smartphone Devices | Apple HealthKit Integration,S$171.09,4.4,75
https://m.media-amazon.com/images/I/710UX4v25tL._AC_UL320_.jpg,Comica CVM-WS60 Combo Smartphone Wireless Lavalier Lapel Microphone with Rechargeable Battery| 194ft Working Range| Wireless Lav mics for iPhone X|11 Pro|Samsung Huawei Android Phones| Camera etc.,S$453.79,4.1,75
https://m.media-amazon.com/images/I/71t0S9EbMuL._AC_UL320_.jpg,SAMSUNG PRO Plus + Adapter 512GB microSDXC Up to 160MB/s UHS-I| U3| A2| V30| Full HD & 4K UHD Memory Card for Android Smartphones| Tablets| Go Pro and DJI Drone (MB-MD512KA/AM),S$183.47,4.7,67
https://m.media-amazon.com/images/I/61PFSCJt3fL._AC_UL320_.jpg,GeeekPi NS05 Switch Dock Set for Gulikit| Portable TV Dock for Nintendo Switch with USB-C PD Charging Stand| HDMI Adapter and Extra USB 3.0 Port| Support Smart Phones/Samsung DeX Mode/ Huawei PC Mode,S$50.69,3.6,66
https://m.media-amazon.com/images/I/710qTX2bTsL._AC_UL320_.jpg,Samsung Electronics Galaxy Z Flip 3 Phone Case| Aramid Protective Cover| Heavy Duty| Shockproof Smartphone Protector| US Version| Black (EF-XF711SBEGUS),S$72.85,4.7,57
https://m.media-amazon.com/images/I/71us6z2WFgL._AC_UL320_.jpg,Samsung Electronics Galaxy Z Fold 3 Phone Case| Aramid Protective Cover| Heavy Duty| Shockproof Smartphone Protector| US Version| Black (EF-XF926SBEGUS),S$92.07,4.2,48
https://m.media-amazon.com/images/I/81AZTr6wrWL._AC_UL320_.jpg,Samsung Galaxy Note 9 128GB (Single-SIM) SM-N960F Factory Unlocked 4G/LTE Smartphone - International Version (Lavender Purple),S$1'689.00,4.3,47
https://m.media-amazon.com/images/I/81+hPFDzvwL._AC_UL320_.jpg,2HD Lavalier Lapel Microphone Full Accessories Pack DREAMGRIP LAV PRO for iPhone| Samsung| Any Other Phones with Extensions| Invisible Mic Holders & More| Best Studio-Quality Sound Kit for Youtubers,S$63.74,4.2,46
https://m.media-amazon.com/images/I/71w5OXC4raL._AC_UL320_.jpg,Samsung Rising: Inside the secretive company conquering Tech,S$29.49,4.2,42
https://m.media-amazon.com/images/I/512lq0B7kPL._AC_UL320_.jpg,Ismartgate Pro Smart Wi-Fi Gate Opener Compatible with Amazon Alexa| Google Home| Apple Homekit| Samsung Smartthings and IFTTT,S$272.35,3.8,42
https://m.media-amazon.com/images/I/71c7gI3RRqL._AC_UL320_.jpg,SAMSUNG SM-N980FZNGXSP Galaxy Note20 Mobile Phone| Bronze| AMOLED,S$1'398.00,4.2,41
https://m.media-amazon.com/images/I/41oF1wY1Z4S._AC_UL320_.jpg,Samsung Galaxy A52 | A525F | 128GB 6GB RAM | Factory Unlocked (GSM ONLY | Not Compatible with Verizon/Sprint/Boost) | International Model (Awesome Purple),S$517.39,4.2,37
https://m.media-amazon.com/images/I/71uXVPkMHhS._AC_UL320_.jpg,Samsung Galaxy A52 | A525F | 128GB 6GB RAM | Factory Unlocked (GSM ONLY | Not Compatible with Verizon/Sprint/Boost) | International Model (Awesome Black),S$462.75,4.2,37
https://m.media-amazon.com/images/I/61VeJJT4VmL._AC_UL320_.jpg,"Samsung Galaxy A21s (A217F) 128GB| Dual-SIM| 6.4"" Infinity-U Display| Triple Camera| GSM Unlocked Smartphone - International Model",S$669.00,4.1,36
https://m.media-amazon.com/images/I/71DGIxc6p5L._AC_UL320_.jpg,"Samsung Galaxy A21s (A217F) 128GB| Dual-SIM| 6.4"" Infinity-U Display| Triple Camera| GSM Unlocked Smartphone - International Model (Silver)",S$649.00,4.1,36
https://m.media-amazon.com/images/I/81IxzKoI12L._AC_UL320_.jpg,2-Pack Professional Lavalier Microphone for Bloggers and Vloggers - Lapel Mic Set for Dual Interview - Clip-on Omnidirectional Condenser for iPhone Ipad Samsung Android Windows Smartphones,S$30.22,4.1,34
https://m.media-amazon.com/images/I/51rlIVth6LL._AC_UL320_.jpg,Pyle Video Shotgun Microphone-Professional Cam Mounted Back Electret Condenser External Mic-Compatible for DSLR Camera Camcorder Smartphone iPhone w/ 3.5mm Connector-PylePro PMKSF32,S$164.50,3.5,31
https://m.media-amazon.com/images/I/717JDqgsKjL._AC_UL320_.jpg,Comica CVM-WS50(H) Wireless Handheld Microphone System| with UHF 6 Channels| 194FT Wireless Range| Built-in Chargable Battery| Microphone for iPhone Samsung Huawei and More,S$451.81,4.5,28
https://m.media-amazon.com/images/I/81YWrqtkOrL._AC_UL320_.jpg,Samsung Galaxy A12 64GB Dual SIM| GSM Unlocked| (CDMA Verizon/Sprint Not Supported) Smartphone International Version No Warranty (White),S$245.06,4.4,25
https://m.media-amazon.com/images/I/71Oy88VeY6L._AC_UL320_.jpg,Wired Lavalier Microphone for Bloggers/Vloggers| Omnidirectional Lapel Mic for iPhone with Clip-on| Compatible with All Smartphones/iPad/Samsung/Android/Windows/Tablet,S$19.57,3.7,25
https://m.media-amazon.com/images/I/61pO8vgxaZL._AC_UL320_.jpg,Movo Edge-UC-Duo - for USB Type-C Devices Only - Check Your Connection - Wireless Lavalier Microphone System - Omnidirectional Lapel Microphones Compatible with USB Type-C Android| Samsung,S$276.10,4.7,24
https://m.media-amazon.com/images/I/41EFpUKLE7L._AC_UL320_.jpg,COMICA CVM-SPX 3.5mm TRS to TRRS Adapter Microphone Adapter for iPhone and Samsung| Pixel| Huawei Android Smartphones and Tablets,S$20.50,3.9,24
https://m.media-amazon.com/images/I/71282pCfUoS._AC_UL320_.jpg,20 Pcs Mobile Phone Repair Tool Screwdriver Set with Phillips Flathead Pentalobe Torx and Opening Pry for iPhone 12 11 Pro XS/XR/X/8 Plus/7 Plus/6S 6 Plus/5/4| Samsung Note 10 20 S20 Ultra,S$16.79,4.3,23
https://m.media-amazon.com/images/I/31Iuu-NCVlL._AC_UL320_.jpg,Samsung Galaxy S Pen Pro Stylus| Compatible Galaxy Smartphones| Tablets and PCs That Support S Pen| Black,S$127.09,3.9,23
https://m.media-amazon.com/images/I/619zLgPb9yL._AC_UL320_.jpg,Wireless Lavalier Microphone|Bluetooth Microphones for iPhone| lav Mic Gialer Portable Lavalier Microphone| Clip on Microphone for Samsung Android iPad|Video Vlogger Blogger Noise Reduction/Auto Sync,S$97.07,3.2,22
https://m.media-amazon.com/images/I/61ZarXAvHbL._AC_UL320_.jpg,Samsung Galaxy S21 Ultra 5G User manual: A Complete Guide with New Tips for Samsung Galaxy S21| S21 Plus and S21 Ultra 5G,S$27.79,3.1,22
https://m.media-amazon.com/images/I/41wMmLgWzPL._AC_UL320_.jpg,Samsung Galaxy S4 in Easy Steps: Also Covers S3,S$16.45,4.3,21
https://m.media-amazon.com/images/I/61eaKP9T4JS._AC_UL320_.jpg,Samsung Galaxy S20| Plus and Ultra Guide Book for Beginners: Explore Hidden Tips and Tricks to Operate Your Device Like A Pro,S$20.65,3.8,21
https://m.media-amazon.com/images/I/519tyo4B1YL._AC_UL320_.jpg,"Samsung Galaxy Z Flip F700 Smartphone| 256GB| 8GB RAM| 6.7""| Mirror Purple",S$1'765.50,3.9,19
https://m.media-amazon.com/images/I/31Z5wPVPuXL._AC_UL320_.jpg,"Samsung Galaxy Z Flip F700 Smartphone| 256GB| 8GB RAM| 6.7""| Mirror Gold",S$1'765.50,3.9,19
https://m.media-amazon.com/images/I/71DGeMUOdZL._AC_UL320_.jpg,TNP 16 in 1 Sets 16-piece Repair Opening Pry Tools Precision Screwdriver Kit Set for iPhone X iPhone 8/8 Plus 7/7 Plus 6s/ 6s Plus 6/6 Plus iPad iPod Touch Samsung Android Smartphone & Other Device,S$138.14,3.8,18
https://m.media-amazon.com/images/I/71glsjt69FL._AC_UL320_.jpg,Foxsun Multi USB Charging Cable|3.3 ft/1m 3 in 1 Mutiple USB Charger Cable with 8Pin Lightning/USB Type C/Micro USB Connector for iPhone| Samsung| LG| Nexus Smartphones and More-MFI Certified-Black,S$14.53,4.2,17
https://m.media-amazon.com/images/I/51huPpsRGJL._AC_UL320_.jpg,Lavalier Recording Microphone for Phone - Omnidirectional Condenser Mini Microphone for iPhone| Samsung| Android/Windows Smart-Phones|Sound Card| Computer & DSLR,S$20.24,4.1,16
https://m.media-amazon.com/images/I/71+HR67VEML._AC_UL320_.jpg,Samsung Galaxy S22+ 5G Smartphone SM-S906E/DS| 8GB RAM| 256GB ROM| Pink Gold,S$1'568.00,4.4,15
https://m.media-amazon.com/images/I/811ST1YopeL._AC_UL320_.jpg,Samsung Galaxy S22+ 5G Smartphone SM-S906E/DS| 8GB RAM| 128GB ROM| Green,S$1'468.00,4.4,15
https://m.media-amazon.com/images/I/818EWKOQmaL._AC_UL320_.jpg,Samsung Galaxy S22+ 5G Smartphone SM-S906E/DS| 8GB RAM| 128GB ROM| Black,S$1'468.00,4.4,15
https://m.media-amazon.com/images/I/811ST1YopeL._AC_UL320_.jpg,Samsung Galaxy S22+ 5G Smartphone SM-S906E/DS| 8GB RAM| 256GB ROM| Green,S$1'568.00,4.4,15
https://m.media-amazon.com/images/I/81bUJP03tOL._AC_UL320_.jpg,Samsung Galaxy S22+ 5G Smartphone SM-S906E/DS| 8GB RAM| 256GB ROM| White,S$1'568.00,4.4,15
https://m.media-amazon.com/images/I/71Ig9GDPl1L._AC_UL320_.jpg,Samsung Galaxy S22 5G Smartphone SM-S901E/DS | 8GB RAM| 128GB ROM| Green,S$1'178.00,4.4,15
https://m.media-amazon.com/images/I/71J7-UbeoUL._AC_UL320_.jpg,Samsung Galaxy S22 5G Smartphone SM-S901E/DS| 8GB RAM| 256GB ROM| White,S$1'195.00,4.4,15
https://m.media-amazon.com/images/I/81bUJP03tOL._AC_UL320_.jpg,Samsung Galaxy S22+ 5G Smartphone SM-S906E/DS| 8GB RAM| 128GB ROM| White,S$1'468.00,4.4,15
https://m.media-amazon.com/images/I/812DDJ278nL._AC_UL320_.jpg,Samsung Galaxy S22 Ultra 5G Smartphone SM-S908E/DS| 12GB RAM| 512GB ROM| Burgundy,S$1'840.87,4.4,15
https://m.media-amazon.com/images/I/81Q3UEJouWL._AC_UL320_.jpg,Samsung Galaxy S22 Ultra 5G Smartphone SM-S908E/DS| 12GB RAM| 512GB ROM| Green,S$1'998.00,4.4,15
https://m.media-amazon.com/images/I/812DDJ278nL._AC_UL320_.jpg,Samsung Galaxy S22 Ultra 5G Smartphone SM-S908E/DS| 12GB RAM| 256GB ROM| Burgundy,S$1'599.00,4.4,15
https://m.media-amazon.com/images/I/81eIvfvn-vL._AC_UL320_.jpg,Samsung Galaxy S22 Ultra 5G Smartphone SM-S908E/DS| 12GB RAM| 256GB ROM| Black,S$1'599.00,4.4,15
https://m.media-amazon.com/images/I/81Q3UEJouWL._AC_UL320_.jpg,Samsung Galaxy S22 Ultra 5G Smartphone SM-S908E/DS| 12GB RAM| 256GB ROM| Green,S$1'657.00,4.4,15
https://m.media-amazon.com/images/I/71Ig9GDPl1L._AC_UL320_.jpg,Samsung Galaxy S22 5G Smartphone SM-S901E/DS| 8GB RAM| 256GB ROM| Green,S$1'255.00,4.4,15
https://m.media-amazon.com/images/I/71TUxq7OTTL._AC_UL320_.jpg,Samsung Galaxy S22 5G Smartphone SM-S901E/DS| 8GB RAM| 256GB ROM| Pink Gold,S$1'255.00,4.4,15
https://m.media-amazon.com/images/I/81M5KXgJcpL._AC_UL320_.jpg,Samsung Galaxy S22 5G Smartphone SM-S901E/DS| 8GB RAM| 256GB ROM| Black,S$1'255.00,4.4,15
https://m.media-amazon.com/images/I/818EWKOQmaL._AC_UL320_.jpg,Samsung Galaxy S22+ 5G Smartphone SM-S906E/DS| 8GB RAM| 256GB ROM| Black,S$1'422.00,4.4,15
https://m.media-amazon.com/images/I/71+HR67VEML._AC_UL320_.jpg,Samsung Galaxy S22+ 5G Smartphone SM-S906E/DS| 8GB RAM| 128GB ROM| Pink Gold,S$1'360.00,4.4,15
https://m.media-amazon.com/images/I/81qPZCuRYJL._AC_UL320_.jpg,Samsung Galaxy S22 Ultra 5G Smartphone SM-S908E/DS| 12GB RAM| 256GB ROM| White,S$1'599.00,4.4,15
https://m.media-amazon.com/images/I/81O9GoLljlL._AC_UL320_.jpg,Samsung Galaxy A32 4G Dual A325F-DS 128GB 6GB RAM Factory Unlocked (GSM Only | No CDMA - not Compatible with Verizon/Sprint) International Version - Awesome White,S$381.33,3.9,14
https://m.media-amazon.com/images/I/618LuqyIX6L._AC_UL320_.jpg,Samsung Galaxy A12 (A127M) 64GB Dual SIM| GSM Unlocked| (CDMA Verizon/Sprint Not Supported) Smartphone Latin American Version No Warranty (Omega Fast Car Charger Bundle) (Blue),S$245.92,4.2,13
https://m.media-amazon.com/images/I/71Lw7yyFs4S._AC_UL320_.jpg,SAMSUNG SM-A226BLVHXSP Galaxy A22 5G Light Violet,S$289.00,4.2,13
https://m.media-amazon.com/images/I/71aCSQlqUTL._AC_UL320_.jpg,Wireless Microphone for USB-C/A Smartphone/Laptop| 7RYMS RimoMic Lite UC Plug & Play Wireless Lavalier Lapel Microhone for Samsung|Google Pixel Android Phone| Computer etc.(No Need App/Bluetooth),S$95.34,5,12
https://m.media-amazon.com/images/I/61UOlbo82fL._AC_UL320_.jpg,Microphone Preamp for Type-C Smartphone| Saramonic XLR to Type-C Microphone Audio Mixer with Phantom Power & Guitar Interface for Type-C Device Samsung Huawei Smartphone for Music Video Recording,S$229.74,3,11
https://m.media-amazon.com/images/I/81QCY8r5HgL._AC_UL320_.jpg,"SAMSUNG G996 S21+ 5G| Phantom SIlver Smartphone| 6.7"" Display| 8GB RAM| 256GB ROM| Octa-Core Processor| Android 10| Phantom Silver",S$1'218.00,3.5,10
https://m.media-amazon.com/images/I/71Ibb5+sGWL._AC_UL320_.jpg,BOYA by-MM1 Shotgun Microphone with PSC1 SmartGrip Selfie Stand with PL30 Light for iPhone X 8 7 7 Plus Samsung Android Smartphone SLR Camera Computer Tripod Vlog Facebook Livestream YouTube Video,S$139.31,3.1,10
https://m.media-amazon.com/images/I/61y1D0CHSEL._AC_UL320_.jpg,SAMSUNG Sm-J260a AT&T Galaxy J2 Shine 16GB Prepaid Smartphone| Gold,S$144.68,4.6,9
https://m.media-amazon.com/images/I/81RSbpLP1EL._AC_UL320_.jpg,Samsung Electronics Galaxy Z Fold 3 Phone Case| Leather Protective Cover| Heavy Duty| Shockproof Smartphone Protector| US Version| Green|EF-VF926LGEGUS,S$76.42,3.3,9
https://m.media-amazon.com/images/I/61DgjnmLS7S._AC_UL320_.jpg,Bedside Vase Phone Stand | Ceramic Smartphone Holder with Planter for Home and Office | Universally Compatible Including iPhone| Samsung Galaxy and Google Pixel,S$19.12,3.7,8
https://m.media-amazon.com/images/I/61E8r8Qr+8L._AC_UL320_.jpg,BOYA BY-M3D Digital Dual-Head USB Type-C Lavalier Microphones Compatible with iPad Pro| Mac PC| Samsung Android Devices,S$89.24,3.2,8
https://m.media-amazon.com/images/I/81ewZoIYNhL._AC_UL320_.jpg,Architec Recipe Rock Magnetic Recipe Holder Tablet Stone White,S$26.43,4.7,7
https://m.media-amazon.com/images/I/81oN5UQOxDL._AC_UL320_.jpg,Youmic - Mini Lavalier Lapel Mic with Clip for Phone / iPhone / iOS / Android / PC / Laptop / Video / Vlogging,S$19.00,3.9,7
https://m.media-amazon.com/images/I/81XPKAYsCSL._AC_UL320_.jpg,Samsung Electronics Galaxy Z Fold 3 Flip Phone Case| Leather Protective Cover with Stand| Heavy Duty| Shockproof Smartphone Protector| US Version| Camel (EF-FF926LAEGUS),S$84.02,3.6,7
https://m.media-amazon.com/images/I/71f5ZE0pwhL._AC_UL320_.jpg,Architec Tablet Stone| Black| iPad and Tablet Stand,S$28.73,4.8,6
https://m.media-amazon.com/images/I/61n2TJSgIyL._AC_UL320_.jpg,Set of TRRS to TRS 3.5 Audio Jack Cable with Reverse Adapter for Any Video Microphone (DREAMGRIP| Rode| Boya| Movo) to Connect to Any Smartphone (iPhone| Samsung| etc.)| DSLR Camera| PC| Laptop| etc.,S$22.64,4.7,6
https://m.media-amazon.com/images/I/61X9eFQ6lDS._AC_UL320_.jpg,SAMSUNG GALAXY NOTE 20 & NOTE 20 ULTRA GUIDE BOOK FOR BEGINNERS: Explore Hidden Tips and Tricks to Operate Your New Samsung Galaxy Note 20 Series Like A Pro,S$20.65,4,6
https://m.media-amazon.com/images/I/51BOH3d2bCL._AC_UL320_.jpg,"Samsung Galaxy S20 Ultra 5G Smartphone| 64-bit Octa-Core| 8 GB| 128 GB ROM| 6.9"" Display| Android 10| Cosmic Grey",S$1'169.53,3.7,6
https://m.media-amazon.com/images/I/61tD5rcNcOL._AC_UL320_.jpg,SAMSUNG GALAXY TAB S7 AND S7 PLUS GUIDE BOOK FOR SENIORS Illustrated Manual with Tips and Tricks to Master Your New Samsung Galaxy Tab S7 & 7+,S$21.01,3.8,5
https://m.media-amazon.com/images/I/81t+Gw2149L._AC_UL320_.jpg,"SAMSUNG SM-G991BZAGXSP Galaxy S21 5G Smartphone| 6.2"" AMOLED| 8GB RAM| 256GB ROM| Android 10 OS| Phantom Gray",S$1'248.00,4.2,4
https://m.media-amazon.com/images/I/71yHUqYidhS._AC_UL320_.jpg,SOTEFE Mini LED Projector Portable 6000 Lumens-WiFi Video Projectors 1080P Full HD for iPhone Samsung Smartphone Wireless Projector HDMI 75000 Hours Multimedia Home Projector Office Theater Movie,S$355.01,4.2,4
https://m.media-amazon.com/images/I/71hMsWnSN2S._AC_UL320_.jpg,SAMSUNG SM-A226BZAHXSP Galaxy A22 5G Gray,S$285.00,3.9,4
https://m.media-amazon.com/images/I/51xekry3J5L._AC_UL320_.jpg,Samsung Galaxy S22+ Smartphone| Factory Unlocked Android Cell Phone| 256GB| 8K Camera & Video| Brightest Display| Long Battery Life| Fast 4nm Processor| US Version| Phantom White,S$1'539.44,2.4,4
https://m.media-amazon.com/images/I/71MJbjefdlL._AC_UL320_.jpg,Samsung Galaxy A12 for Beginners: An easy guide to the samsung galaxy A12 5G smartphone,S$26.81,3.5,3
https://m.media-amazon.com/images/I/61Z6Lm7fviL._AC_UL320_.jpg,Total Wireless SAMSUNG Galaxy S10 Lite 4G LTE Prepaid Smartphone (Locked) - Black - 128GB - Sim Card Included - CDMA (TWSAG770U1CP),S$884.54,5,2
https://m.media-amazon.com/images/I/61HIY9rvCgL._AC_UL320_.jpg,My Samsung Galaxy S21 Series User's Guide: A Comprehensive Manual to Master Your Samsung Galaxy S21| S21 Plus| And S21 Ultra Smartphones Like A Pro with Screenshots,S$15.19,3.5,2
https://m.media-amazon.com/images/I/71RV8XJfgNL._AC_UL320_.jpg,Samsung Galaxy S20 & S20 Plus: 2020-2021 User's Guide to Master Your Samsung Galaxy. 40 Best Tips and Tricks for your Android Phone Included,S$20.57,3,2
https://m.media-amazon.com/images/I/81idx0BUTbL._AC_UL320_.jpg,"SAMSUNG G998 S21Ultra 5G| Phantom SIlver Smartphone| 6.7"" Display| 12GB RAM| 256GB ROM| Octa-Core Processor| Android 10| Phantom Silver",S$1'798.00,2.8,2
https://m.media-amazon.com/images/I/61Bqh7WkcTL._AC_UL320_.jpg,BOYA BY-M3D Digital Dual-Head Lavalier Omnidirectional Clip-on Microphone with USB Type-C Connector Compatible with iPad Pro| Samsung Galaxy| LG| Google Nexus| Other USB-C Type Smartphones,S$137.92,2.5,2
https://m.media-amazon.com/images/I/616HwTBbD+L._AC_UL320_.jpg,USB-C Microphone| Saramonic SPMIC510UC Compact Stereo Condenser Microphone Plug & Play Type-C Mic Compatible with iPad Pro| Samsung Galaxy| LG| HTC Google| and Other USB-C Type Devices for Video,S$130.31,1.5,2
https://m.media-amazon.com/images/I/61-6uvOo+gL._AC_UL320_.jpg,Samsung Galaxy S22 User Guide: A Complete Step by Step Picture Manual for beginners and Seniors on how to use their New Galaxy S22| Galaxy S22 plus and Galaxy S22 Ultra with Tips and Tricks,S$30.48,1,2
https://m.media-amazon.com/images/I/81H6cL2Wp9L._AC_UL320_.jpg,"SAMSUNG SM-G996BZKGXSP Galaxy S21+ 5G Smartphone| 6.7"" AMOLED| 8GB RAM| 256GB ROM| Android 10 OS| Phantom Black",S$1'498.00,5,1
https://m.media-amazon.com/images/I/81p+WR4Wg7L._AC_UL320_.jpg,"SAMSUNG SM-G991BZIGXSP Galaxy S21 5G Smartphone| 6.2"" AMOLED| 8GB RAM| 256GB ROM| Android 10 OS| Phantom Pink",S$978.00,5,1
https://m.media-amazon.com/images/I/813t2y6C3QL._AC_UL320_.jpg,SAMSUNG SM-A326BLVVXSP Galaxy A32 5G (4GB + 128GB) Awesome Light Violet,S$345.00,5,1
https://m.media-amazon.com/images/I/716PoPGeTvL._AC_UL320_.jpg,Samsung Galaxy A72 (A725F/DS) 128GB Dual SIM| GSM Unlocked| Android Smartphone,S$695.25,5,1
https://m.media-amazon.com/images/I/61+IywZaBVL._AC_UL320_.jpg,Phone Skope Complete Digiscoping Kit| Compatible with iPhones OR Samsung| Includes PhoneCase + Eyepiece Adapter + Lens Cloth,S$165.06,5,1
https://m.media-amazon.com/images/I/61jwLxJNh5L._AC_UL320_.jpg,Cell Phone Holder for Motorcycle| Bicycle| ATV & Scooter - Secure| Adjustable Bike Handlebar Phone Mount with Front & Rear LED Bike Light Set - Compatible with iPhone| Samsung Or Any Other Smartphone,S$64.79,5,1
https://m.media-amazon.com/images/I/71K-WSnbpRL._AC_UL320_.jpg,SAMSUNG GALAXY S21| S21 PLUS| AND S21 ULTRA 5G USER MANUAL (Large Print Edition): The Simplified User Guide for Beginners and Experts| Complete with ... to Handle the New Samsung Galaxy S21 Series,S$25.06,5,1
https://m.media-amazon.com/images/I/81w5c6Di2yL._AC_UL320_.jpg,"SAMSUNG SM-G991BZWGXSP Galaxy S21 5G Smartphone| 6.2"" AMOLED| 8GB RAM| 256GB ROM| Android 10 OS| Phantom White",S$1'248.00,4,1
https://m.media-amazon.com/images/I/813t2y6C3QL._AC_UL320_.jpg,SAMSUNG SM-A326BLVHXSP Galaxy A32 5G (8GB + 128GB) Awesome Light Violet,S$428.00,4,1
https://m.media-amazon.com/images/I/81RVkgNJ8SL._AC_UL320_.jpg,"SAMSUNG SM-G991BZVGXSP Galaxy S21 5G Smartphone| 6.2"" AMOLED| 8GB RAM| 256GB ROM| Android 10 OS| Phantom Violet",S$950.00,4,1
https://m.media-amazon.com/images/I/71k2pZBpLjL._AC_UL320_.jpg,Cell Phone Stand Holder Mobile Phone Dock Compatible for iPhone 12 Pro Max 11 SE XS XR 8 Plus 6 7| Samsung Galaxy Note20 S20 S10 S9 S8 Android Smartphone Holder Desk Adjustable Foldable (Black),S$29.47,3,1
https://m.media-amazon.com/images/I/51x8OtN1fRL._AC_UL320_.jpg,S A M S U N G Galaxy A42 5G For Beginners: An easy guide to the Samsung Galaxy A42 5G smartphone,S$25.08,3,1
https://m.media-amazon.com/images/I/71H4o5bakhL._AC_UL320_.jpg,Samsung Galaxy A32: Learn how to use the new Samsung galaxy A32 5G smartphone,S$34.06,3,1
https://m.media-amazon.com/images/I/816xGeKghbL._AC_UL320_.jpg,Samsung A53 5G Smartphone SM-A536EZOGXSP| 8GB RAM| 128GB| Peach,S$598.00,,
https://m.media-amazon.com/images/I/81HcBYi3IFL._AC_UL320_.jpg,Samsung A53 5G Smartphone SM-A536ELBHXSP | 8GB RAM| 256GB| Blue,S$678.00,,
https://m.media-amazon.com/images/I/81ikLskZfJL._AC_UL320_.jpg,Samsung A53 5G Smartphone SM-A536EZWHXSP| 8GB RAM| 256GB| White,S$678.00,,
https://m.media-amazon.com/images/I/81ikLskZfJL._AC_UL320_.jpg,Samsung A53 5G Smartphone SM-A536EZWGXSP| 8GB RAM| 128GB| White,S$598.00,,
https://m.media-amazon.com/images/I/81HcBYi3IFL._AC_UL320_.jpg,Samsung A53 5G Smartphone SM-A536ELBGXSP| 8GB RAM| 128GB| Blue,S$598.00,,
https://m.media-amazon.com/images/I/819uC4RPY-L._AC_UL320_.jpg,Samsung A53 5G Smartphone SM-A536EZKGXSP| 8GB RAM| 128GB| Black,S$598.00,,
https://m.media-amazon.com/images/I/819uC4RPY-L._AC_UL320_.jpg,Samsung A53 5G Smartphone SM-A536EZKHXSP| 8GB RAM| 256GB| Black,S$678.00,,
https://m.media-amazon.com/images/I/816xGeKghbL._AC_UL320_.jpg,Samsung A53 5G Smartphone SM-A536EZOHXSP| 8GB RAM| 256GB| Peach,S$678.00,,
https://m.media-amazon.com/images/I/61ebOj0y+IL._AC_UL320_.jpg,SAMSUNG GALAXY A53 5G USER GUIDE: Beginner Step By Step Guide For Optimal Performance That Will Transform You from a Newbie to a PRO,S$26.81,,
https://m.media-amazon.com/images/I/71PSTWCPOrL._AC_UL320_.jpg,SAMSUNG GALA A13 5G FRIENDLY USER GUIDE: Master the new Samsung Galaxy A13 5g smartphone with this comprehensive user guide,S$30.64,,
https://m.media-amazon.com/images/I/81eIvfvn-vL._AC_UL320_.jpg,Samsung Galaxy S22 Ultra 5G Smartphone SM-S908E/DS| 12GB RAM| 512GB ROM| Black,S$2'094.00,,
https://m.media-amazon.com/images/I/81xLa4rEd5L._AC_UL320_.jpg,SAMSUNG SM-A326BZBHXSP Galaxy A32 5G (8GB + 128GB) Awesome Blue,S$428.00,,
https://m.media-amazon.com/images/I/71G48FPKH1L._AC_UL320_.jpg,Samsung SM-F711B Galaxy Z Flip 3 5G Android Smartphone 8GB RAM (Black| 128GB),S$1'044.00,,
https://m.media-amazon.com/images/I/51wqCwIknNL._AC_UL320_.jpg,DIGITMON Fast Charging Premium 5-PIN Mini USB Cable Variation for Smartphone Android Samsung Mobile GoPro Digital Camera Calculator MP3 Navigator (3 Feet),S$13.29,,
https://m.media-amazon.com/images/I/61K6eSAo6XL._AC_UL320_.jpg,PG-9156 Wireless 4.0 +2.4G Mobile Online Games Gamepad Controller for Samsung LG VIVO Oppo MI Mate Android Mobile Smartphone Tablet (Android 6.0 Higher System),S$37.05,,
https://m.media-amazon.com/images/I/61jMqKo0UPL._AC_UL320_.jpg,Aluminum Alloy Mobile Phone Clip Holder Extendable Phone Clip Bracket Stand for iPhone 11/11 Pro/XS Max/XS/XR/X/8/7| Samsung and Smartphone,S$130.99,,
https://m.media-amazon.com/images/I/71G48FPKH1L._AC_UL320_.jpg,Samsung SM-F711B Galaxy Z Flip 3 5G Android Smartphone 8GB RAM (Black| 256GB),S$978.00,,
https://m.media-amazon.com/images/I/81G5r8pjfDL._AC_UL320_.jpg,SAMSUNG SM-A326BZKHXSP Galaxy A32 5G| Black| (8GB + 128GB),S$398.00,,
https://m.media-amazon.com/images/I/41GsMAs+P3L._AC_UL320_.jpg,Samsung SM-F711B Galaxy Z Flip 3 5G Android Smartphone 8GB RAM (Cream| 256GB),S$1'099.00,,
https://m.media-amazon.com/images/I/41keb5Vw-gL._AC_UL320_.jpg,Auskang Lavalier Lapel Microphone for Type-C Phones|Professional Condenser Mic Omnidirectional Sound-collecting with Noise Shielded Cable(4.92ft) for YouTube|Video Recording|Interview|TikTok and more,S$18.99,,
https://m.media-amazon.com/images/I/71H1UyYwWUL._AC_UL320_.jpg,Movo Smartphone Podcast Recording Bundle Kit - 2 Pack Condenser Microphones| 2 Desktop Mic Stands| 2 Pop Filters| 2-Channel XLR Interface w/USB Type C Output Compatible with Android| Samsung Galaxy,S$18.99,,
https://m.media-amazon.com/images/I/61arSnn45jL._AC_UL320_.jpg,Velikon Lavalier Microphone for Android Devices with USB Type-C Connector Works with Samsung Galaxy Smartphones Tablets Omnidirectional Broadcast Clip-On Lapel Mic,S$95.39,,
https://m.media-amazon.com/images/I/41tHYlyFLpL._AC_UL320_.jpg,Type-C Professional Lavalier Lapel Microphone| CKMOVA LCM1C with Type-C connector for Android Smartphone| SamSung| LG| OPPO| Vivo| Xiaomi,S$57.26,,
https://m.media-amazon.com/images/I/61fjo9RdGDL._AC_UL320_.jpg,SOTEFE Mini Projector Portable 4500 Lumens-WiFi Video Projector 1080P Full HD For iPhone Samsung Smartphone Tablet Wireless Projector Home Office Theater Movie TV-Box|HDMI|USB|TF/SD Card|VGA|AV Audio,S$115.00,,
https://m.media-amazon.com/images/I/615wnO3NwxL._AC_UL320_.jpg,SOTEFE® WiFi Mini Projector Portable 6000 Lumens -WiFi Video Projector 1080P Full HD For iPhone Samsung Smartphone Wireless Projector Home Office Theater Movie TV-Box|HDMI|USB|TF/SD Card|VGA|AV Audio,S$129.00,,
https://m.media-amazon.com/images/I/41CyCAddZjL._AC_UL320_.jpg,QRYY Bicycle Phone Holder Car Phone Mount Air Vent for iPhone X/8/7/6s/Plus/5S/Samsung S8/S7/Note and other Smartphones(Black),S$150.13,,
https://m.media-amazon.com/images/I/31vJriMiitL._AC_UL320_.jpg,Wall Mounted Mobile Phone Fill Light Ring Light for iPhone Clip on Selfie Light for Girl Makeup Live Stream Camera Video Photography Light for Samsung Smartphone|Pink|Colour Name:Green 壁挂式,S$120.10,,
https://m.media-amazon.com/images/I/31zhsffOGiL._AC_UL320_.jpg,HD macro 25mm mobile phone lens 10X travel camera phone external macro lens| suitable for most smartphones| iPhone Samsung Android Huawei iPad,S$120.10,,
https://m.media-amazon.com/images/I/614d2lQP0hL._AC_UL320_.jpg,Samsung SmartThings Hub 3rd Generation [GP-U999SJVLGDA] Smart Home Automation Hub Home Monitoring Smart Devices - Alexa Google Home Compatible - Zigbee| Z-Wave| Cloud to Cloud Protocols – White,S$16.79,,
https://m.media-amazon.com/images/I/811KA14ReNL._AC_UL320_.jpg,"SAMSUNG SM-G998BZKHXSP Galaxy S21 Ultra 5G Smartphone| 6.8"" AMOLED| 16GB RAM| 512GB ROM| Android 10 OS| Phantom Black",S$1'998.00,,
https://m.media-amazon.com/images/I/51gU4SWOK6L._AC_UL320_.jpg,Samsung SM-F711B Galaxy Z Flip 3 5G Android Smartphone 8GB (Cream| 128GB),S$1'194.00,,
https://m.media-amazon.com/images/I/81RKec-erKL._AC_UL320_.jpg,SAMSUNG Car Mount Navigation Dock EE-V200 - for Devices with 4.0'' - 5.7'' Black,S$89.00,,
https://m.media-amazon.com/images/I/61tRZ4InstL._AC_UL320_.jpg,"SAMSUNG SM-N986BZWGXSP Galaxy Note20 Ultra 5G Smartphone| 6.9"" AMOLED| 12GB RAM| 256GB ROM| Android 10 OS| Mystic White",S$2'449.00,,
https://m.media-amazon.com/images/I/71Z1U6KcdsL._AC_UL320_.jpg,Samsung SM-F711B Galaxy Z Flip 3 5G Android Smartphone 8GB RAM (Green| 256GB),S$1'099.00,,
https://m.media-amazon.com/images/I/411ZGXjpy8L._AC_UL320_.jpg,Samsung Galaxy A11 A115M 32GB - Single-Sim Android Smartphone - Black (T-Mobile),S$205.95,,
https://m.media-amazon.com/images/I/61BAKy7ndCL._AC_UL320_.jpg,"SAMSUNG SM-F916BZKAXSP Galaxy Z Fold2 5G LTE Smartphone| 7.6"" AMOLED| 12GB Ram| 256GB ROM| Mystic Black",S$2'888.00,,
https://m.media-amazon.com/images/I/31cM0f501yL._AC_UL320_.jpg,SAMSUNG SAM GAL A52s 5G 8/256GB AWESOME BLACK,S$528.00,,
https://m.media-amazon.com/images/I/31cM0f501yL._AC_UL320_.jpg,SAMSUNG SAM GAL A52s 5G 8/128GB AWESOME BLACK,S$409.00,,
https://m.media-amazon.com/images/I/81lF5n4kl6L._AC_UL320_.jpg,Samsung Galaxy S22+ Standard Edition Dual-SIM 128GB ROM + 8GB RAM (GSM Only | No CDMA) Factory Unlocked Android 5G Smartphone (Phantom White) - International Version,S$1'865.00,,
https://m.media-amazon.com/images/I/31jNqKbcMIL._AC_UL320_.jpg,SAMSUNG SAM GAL A52s 5G 8/128GB AWESOME MINT,S$409.00,,
https://m.media-amazon.com/images/I/61Z6Lm7fviL._AC_UL320_.jpg,Simple Mobile SAMSUNG Galaxy S10 Lite 4G LTE Prepaid Smartphone (Locked) - Black - 128GB - Sim Card Included - GSM (SMSAG770U1GP5),S$883.49,,
https://m.media-amazon.com/images/I/31mj8IFVNbL._AC_UL320_.jpg,SAMSUNG SAM GAL A52s 5G 8/128GB AWESOME VIOLET,S$409.00,,
https://m.media-amazon.com/images/I/813OM8GSCIL._AC_UL320_.jpg,Samsung Galaxy Z Fold 3 Phone Case with S Pen| Protective Cover| Shockproof Smartphone Protector| Black,S$9.99,,
https://m.media-amazon.com/images/I/61CGtyeVZhL._AC_UL320_.jpg,Samsung Electronics Galaxy Z Flip 3 Phone Case| Silicone Protective Cover with Ring| Heavy Duty| Shockproof Smartphone Protector| US Version| Lavender|EF-PF711TVEGUS,S$1'285.31,,
https://m.media-amazon.com/images/I/61QWKg1AwXS._AC_UL320_.jpg,Saramonic USB Type-C Omnidirectional Lavalier Microphone Length 6M for Android Smartphone iPad Pro MagicBook Samsung Galaxy A6s,S$54.75,,
https://m.media-amazon.com/images/I/51rTi3FpNHL._AC_UL320_.jpg,FIDQ VR Remote Controller Gamepad| Bluetooth Control VR Video| Film| Game| Selfie| Flip E-book/PPT/Nook page| in Virtual Reality Headset 3D Glasses PC Tablet laptop Samsung Gear VR IOS Smart Phone,S$10.09,,
https://m.media-amazon.com/images/I/619wm+N9msL._AC_UL320_.jpg,Magnifier 60-100X Telephoto Lens + 180° Cell Phone Microscope LED UV Light Jewelry Loupe Magnifier Loop Jeweler Eyeglass Microscope Smartphones Iphone Samsung And Tablets Portable Clip-,S$232.46,,
https://m.media-amazon.com/images/I/61RjTJ-NY6L._AC_UL320_.jpg,Magnifier 3D Hd Mobile Phone Screen Enlarge Magnifier| Movies Amplifier Practical Phone Bracket Stand Holder Compatible with iPhone|Samsung and More Smart Phones A/A,S$272.97,,
https://m.media-amazon.com/images/I/41-+qqwLUWL._AC_UL320_.jpg,OCTO MOUNTS | Universal Smartphone Holder w/GoPro Style Mount Attachment| Tripod Adapter & Screw Adapter for Any Phone. Connect Your Smartphone to Any GoPro Mount or Tripod.,S$18.63,,
https://m.media-amazon.com/images/I/718rJMezafL._AC_UL320_.jpg,MOOZO Bike Frame Bag| Rainproof Bicycle Cycling Front Top Tube Pannier Pouch Mountain City Bike MTB Crossbar Storage Bags for iPhone 8 7 6 6S Plus 5S 5 SE Samsung LG HTC Smartphones 4.0'' - 5.5'',S$161.52,,
https://m.media-amazon.com/images/I/81xaPA-B-PL._AC_UL320_.jpg,Dual Lavalier Lapel Microphone - for Interviews - 2 Persons Podcast Microphone Pack - 2 Conference Room Omnidirectional Microphone Set,S$43.33,,
https://m.media-amazon.com/images/I/51rA4Cm0EHL._AC_UL320_.jpg,7RYMS Studio Condenser USB Microphone| SR-AU01-K2 Computer PC Microphone Kit with Shock Mount and Real-time Monitor for Broadcasting|Recording|Chatting and YouTube.,S$109.71,,
https://m.media-amazon.com/images/I/614d2lQP0hL._AC_UL320_.jpg,Samsung SmartThings Hub 3rd Generation [GP-U999SJVLGDA] Smart Home Automation Hub Home Monitoring Smart Devices - Alexa Google Home Compatible - Zigbee| Z-Wave| Cloud to Cloud Protocols – White,S$171.09,,
https://m.media-amazon.com/images/I/41P6ZKuYZqL._AC_UL320_.jpg,Universal Smart Phone Jig Holder Work Station Mobile Phone Repair Tool Hand Tool for iPhone for Samsung,S$90.99,,
https://m.media-amazon.com/images/I/51XyVUe1UjL._AC_UL320_.jpg,Universal Battery Charger| Universal External Battery Charger For Samsung S3 S4 Smartphone| with LED Power Indicator| PC material| fireproof and shatterproof| black,S$86.99,,
https://m.media-amazon.com/images/I/41EV31bs4fL._AC_UL320_.jpg,ESD Safe Brush PCB Circuit Board Cleaning Brush for iPhone iPad Samsung Smart Phone Motherboard Logic Board Repair Tools,S$89.99,,
https://m.media-amazon.com/images/I/51ucIECh8iL._AC_UL320_.jpg,50Pcs Microfiber Cloth Cleaning Stick Phone Charging Port & Earphone Jack Cleaner for iPhone Samsung Android Smartphone,S$85.99,,
https://m.media-amazon.com/images/I/41Ws1ZHXLmL._AC_UL320_.jpg,Mobile Phone Battery Pry Card Opening Tools for iPhone iPad Samsung Tablet Android Smartphone Battery Removal Repair Tool,S$86.99,,
https://m.media-amazon.com/images/I/51mQNT0eiSL._AC_UL320_.jpg,Mobile Phone LCD Screen Opening Pliers with Strong Suction Cups for iPhone Samsung Smartphone Repair Tool,S$80.99,,
https://m.media-amazon.com/images/I/41Jant0WiDL._AC_UL320_.jpg,1.5mm PH000 Phillips Precision Magnetic Screwdriver for iPhone Samsung Smart Phone Laptop Glasses Repair Tools,S$76.99,,
https://m.media-amazon.com/images/I/51l9KKMsG-L._AC_UL320_.jpg,200 Pcs Disposable Cotton Swab for AirPods Cleaning Tools for iPhone Samsung OnePlus Smart Phone Charging Port Earphone Repair,S$80.99,,
https://m.media-amazon.com/images/I/51EjVbHLE-L._AC_UL320_.jpg,10Pcs 30mm Durable Plastic Guitar Picks Screen Opening Tool for iPhone Samsung Smart Phone Laptop Housing Cover Prying Tools,S$77.99,,
https://m.media-amazon.com/images/I/513jdKigFfL._AC_UL320_.jpg,3Pcs Plastic Scraper Pry Opener Opening Tool Kit for iPhone iPad Samsung Smartphone Tablet Laptop Battery Removal Repair Tools,S$79.99,,
https://m.media-amazon.com/images/I/51GENjBumQL._AC_UL320_.jpg,100pcs/Bag Cotton Swab Cleaning Tools for iPhone iPad Samsung Smartphone Charging Port & Headphone Hole Cleaner,S$75.99,,
https://m.media-amazon.com/images/I/41FzBEvnQOL._AC_UL320_.jpg,2Pcs Heavy Duty Plastic Scraper Pry Opening Tool for iPhone Samsung Android Smart Phone Battery Removal Repair Tools Set,S$74.99,,
https://m.media-amazon.com/images/I/51AVACHXHOL._AC_UL320_.jpg,HD Phone Lens Professional Camera Lens Kits| Wide Angle Lens & Macro Lens & Fisheye lens 3 in1 kit for iPhone/Huawei/Samsung and Most Smartphone,S$74.99,,
https://m.media-amazon.com/images/I/61wSTfUR7CL._AC_UL320_.jpg,YIQing NFC NTAG215 IC Card 13.56MHz Used for Amiibos Game Cards and Compatible with Samsung Sony LG Android All NFC-Enabled Smartphones and Devices - NTAG215|TagMo/Amiibo Compatible (50PCS),S$121.57,,
https://m.media-amazon.com/images/I/61EvijSrZVS._AC_UL320_.jpg,60 Times USB Microscope|LED Light HD Magnifier Jade Jewelry Coin Identification for iPhone| Samsung| LG and More Smartphones,S$86.16,,
https://m.media-amazon.com/images/I/51Q0DKq1vqL._AC_UL320_.jpg,Magnifier Screen Magnifier| 3D HD Phone Screen Magnifier Foldable Stand Holder 8.5 inch Hard Plsatic for All Smartphone iPhone Samsung Sony|Black,S$79.18,,
https://m.media-amazon.com/images/I/51hzQpHOPTL._AC_UL320_.jpg,Magnifying glass| 60 Times USB Microscope|LED Light HD Magnifier Jade Jewelry Coin Identification for iPhone| Samsung| LG and More Smartphones,S$60.07,,
https://m.media-amazon.com/images/I/61DEzFOUz7S._AC_UL320_.jpg,60-100X Telephoto Lens + 180° Cell Phone Microscope LED UV Light Jewelry Loupe Magnifier Loop Jeweler Eyeglass Microscope Smartphones iPhone Samsung and Tablets Portable Clip-On Micro Lens,S$80.61,,
https://m.media-amazon.com/images/I/61uajZXvyYL._AC_UL320_.jpg,Magnifying Glasses|Screen Magnifier 3d Smart Mobile Phone Movies Amplifier With Desktop Foldable Holder Stand For Any Smartphone| Iphone Samsung All Smart Phones,S$39.69,,
https://m.media-amazon.com/images/I/61Q3IM0ceDL._AC_UL320_.jpg,Samsung S22 For Seniors: Getting Started With the S22 and S22 Ultra,S$27.70,,
https://m.media-amazon.com/images/I/61fiJz1U0BL._AC_UL320_.jpg,Shelf| Mirror Tray Tub with Tray| Bamboo Tub Tray| Tablet or Smartphone Stand Space Saving and Easy to Install zghzsc,S$378.61,,
https://m.media-amazon.com/images/I/51uEIGG7kUL._AC_UL320_.jpg,True Wireless Earbuds| IPX8 Waterproof Stereo Earphones with Extra Deep Bass| in Ear Built in Mic bluetooth Headphones Compatible for IPhone Android| Touch Control Headse with Type-C Fast Charge,S$26.43,,
https://m.media-amazon.com/images/I/51gCaP89vqS._AC_UL320_.jpg,MyBat Pro - Halo Series Smartphone Case for Samsung Galaxy S21 - Protective Case for Cell Phone - Black,S$25.75,,
https://m.media-amazon.com/images/I/71KHWlNrhdL._AC_UL320_.jpg,Samsung Galaxy S22| S22+| and S22 Ultra 5g User Guide: A Comprehensive Manual with Pictures on How to Operate and Set up Samsung Galaxy S22| S22+| and S22 Ultra Device with Tips and Tricks,S$17.03,,
https://m.media-amazon.com/images/I/81Z4-dfQEUL._AC_UL320_.jpg,Samsung Galaxy S22 For Dummies,S$43.08,,
https://m.media-amazon.com/images/I/61AdbbStyoL._AC_UL320_.jpg,Samsung Galaxy S22 Series User’s Guide For Senior Citizens: A Comprehensive Guide to Unlock the True Potential of Your Galaxy S22| S22 Plus & S22 Ultra. Hidden Features to Master Samung One UI 4.1.,S$24.89,,
https://m.media-amazon.com/images/I/61zGBmtIzhL._AC_UL320_.jpg,Samsung Galaxy S22 Series User’s Guide: A Comprehensive Guide to Unlock the True Potential of Your Galaxy S22| S22 Plus & S22 Ultra. Hidden Features to Master Samung One UI 4.1.,S$22.98,,
https://m.media-amazon.com/images/I/61ZuyluYGvL._AC_UL320_.jpg,SAMSUNG GALAXY S22 ULTRA 5G USER GUIDE: The Well Compiled Guide with Tips and Tricks for Beginners and Seniors on How to Master Samsung Galaxy S22 Ultra 5G including the Hidden Features of this Device,S$22.98,,
https://m.media-amazon.com/images/I/619R8rumohL._AC_UL320_.jpg,SAMSUNG GALAXY A52| A72 AND S21 QUICK BOOK FOR BEGINNERS: Fast and Easy Way to Master the Samsung Galaxy Smartphone Devices with and Common Problems,S$23.13,,
https://m.media-amazon.com/images/I/51jxFxNODGL._AC_UL320_.jpg,Samsung Galaxy A22 5G: An easy guide to the Samsung Galaxy A22 5G smartphone,S$25.06,,
https://m.media-amazon.com/images/I/61aBw0qWa3L._AC_UL320_.jpg,Samsung S21 Users Manual: Concise Users Guide On The New Samsung Phone 5G Series For Beginners| Dummies| And Seniors (Tips and Tricks| Troubleshooting| Reviews),S$41.30,,
https://m.media-amazon.com/images/I/61608ofrodL._AC_UL320_.jpg,SAMSUNG GALAXY S22 ULTRA USER GUIDE: TIPS AND TRICKS IN USING SAMSUNG GALAXY ULTRA,S$16.52,,
https://m.media-amazon.com/images/I/61kSanZnexL._AC_UL320_.jpg,SAMSUNG GALAXY S22 GUIDE FOR BEGINNERS & SENIOR CITIZENS: The Comprehensive Guide to Mastering the Features| Tips and Tricks| and Navigating Your S22 Device Like a Pro,S$21.20,,
https://m.media-amazon.com/images/I/61FH6o7ciML._AC_UL320_.jpg,Samsung Galaxy Z Fold 3 5G User Guide: The Complete and Simplified User Manual with Illustrations and Useful Tips and Tricks to help Beginners and Seniors master the New Samsung Galaxy Z Fold 3 5G,S$27.01,,
https://m.media-amazon.com/images/I/61R++4zQFeL._AC_UL320_.jpg,Samsung Galaxy Z Fold 3 5G User Guide: The Complete and Simplified User Manual with Illustrations and Useful Tips and Tricks to help Beginners and Seniors master the New Samsung Galaxy Z Fold 3 5G,S$25.06,,
https://m.media-amazon.com/images/I/61ry9NV7zsL._AC_UL320_.jpg,Samsung Galaxy S22 Ultra 5g User Guide: The Missing Manual for the All-New Samsung S22 with 100+ Tips and Tricks to Customize Your Phone and Maximize Ownership,S$23.03,,
https://m.media-amazon.com/images/I/61KI+n8IxML._AC_UL320_.jpg,SAMSUNG GALAXY A12 AND A13 STEP-BY-STEP USER MANUAL: Get a perfect understanding on how you could turn your smartphone into your desired gadget,S$30.85,,
https://m.media-amazon.com/images/I/61rrSoXsJ6L._AC_UL320_.jpg,SAMSUNG GALAXY Z FOLD 2 (5G) USER GUIDE: The Simple Manual to Learning how to Startup| Setup and Operate your Fold 2 smart phone with the Best Tips & Tricks to help you get the most out of the device,S$20.65,,
https://m.media-amazon.com/images/I/41NPJgCBQBL._AC_UL320_.jpg,Samsung Galaxy Complete Manual,S$29.49,,
https://m.media-amazon.com/images/I/61dNjSm13OL._AC_UL320_.jpg,Samsung Galaxy S21 Ultra 5g User Guide: The Ultimate Beginners Manual to Master the Features| Troubleshooting Common Problems| Tricks| and Tips of the Samsung S21 Ultra 5G,S$20.65,,
https://m.media-amazon.com/images/I/61Dpyuf14lS._AC_UL320_.jpg,Samsung Galaxy S21 Ultra 5G User Guide: The Complete Manual for Beginners and Seniors To Master the New SAMSUNG GALAXYS 21| S21+ AND S21 ULTRA. Learn to Use Directors View,S$15.02,,
https://m.media-amazon.com/images/I/41w2IQ6aczL._AC_UL320_.jpg,Android Mobile Computing Using Samsung Tablets and Smartphones Running Android 2.3,S$5.86,,
https://m.media-amazon.com/images/I/61XS5gVrupL._AC_UL320_.jpg,SAMSUNG s20 ULTRA: Master your samsung s20 ultra,S$23.13,,
https://m.media-amazon.com/images/I/51BHkw0WcFL._AC_UL320_.jpg,Samsung Galaxy S22 Series User Guide: The Complete Step By Step Manual On How To Master The New Samsung Galaxy S22| S22+| S22 Ultra For Beginners And Seniors With Tips And Tricks.,S$22.98,,
https://m.media-amazon.com/images/I/616M7bGYlYL._AC_UL320_.jpg,Samsung Galaxy S20 series ultimate user's guide: A step by step guide to using your Smartphone like a genius,S$20.47,,
https://m.media-amazon.com/images/I/61aTZLL5eyL._AC_UL320_.jpg,Samsung Galaxy S22 User Guide: The Beginner to Expert Guide for the Samsung Galaxy S22| S22+| and S22 Ultra,S$21.06,,
https://m.media-amazon.com/images/I/61Gs2OSxiUL._AC_UL320_.jpg,A Simple User Guide for the Samsung Galaxy S21| S21 Plus| and S21 Ultra: The Complete Beginners and Seniors Manual for the Galaxy S21 Series with Useful Tips and Tricks,S$25.08,,
https://m.media-amazon.com/images/I/41plqX+rs-L._AC_UL320_.jpg,Smartphone: Mythos und Wahrheit (German Edition),S$12.07,,
https://m.media-amazon.com/images/I/61LpL85xBoL._AC_UL320_.jpg,Samsung Galaxy S20 For Seniors: A Riculously Simple Guide To the Next Generation of Samsung Galaxy Phones,S$39.39,,
https://m.media-amazon.com/images/I/61sNJ-Ham3L._AC_UL320_.jpg,SAMSUNG GALAXY S21 FE USER GUIDE,S$26.04,,
https://m.media-amazon.com/images/I/61jIn6CqomL._AC_UL320_.jpg,SAMSUNG GALAXY S21 FE FOR BEGINNERS: The Complete User Guide on How to Startup| Setup & Operate Your Galaxy S21 FE (5G) Smart Phone with Vital Tips & Tricks to Help You Get the Most Out of Your Device,S$22.98,,
https://m.media-amazon.com/images/I/61uRAYkeYtL._AC_UL320_.jpg,SAMSUNG GALAXY S22 ULTRA 5G USER GUIDE: The Ultimate Manual for Beginners and Senior Citizens to Discover all the Features| Functions| Tips and Tricks of the S22 Devices,S$20.65,,
https://m.media-amazon.com/images/I/61+Xsp9PzOL._AC_UL320_.jpg,Samsung Galaxy S22| S22+ and S22 Ultra User Guide: The Complete step to step manual with current information needed to master your Samsung Galaxy S22| S22+ and Ultra.,S$21.70,,
https://m.media-amazon.com/images/I/410e4TpSVqL._AC_UL320_.jpg,Smartphones,S$8.43,,
https://m.media-amazon.com/images/I/61ilC9xDUlL._AC_UL320_.jpg,Samsung S22 For Seniors: Getting Started With the S22 and S22 Ultra,S$32.42,,
https://m.media-amazon.com/images/I/61-r+ZjujxL._AC_UL320_.jpg,SAMSUNG GALAXY S22 ULTRA 5G USER MANUAL: The Ultimate Guide with Illustrations on How to Setup and Use Samsung Galaxy S22 Ultra with Tips| and Tricks for Beginners and Seniors,S$26.81,,
https://m.media-amazon.com/images/I/61kA7rGwJTL._AC_UL320_.jpg,Samsung Galaxy S22 Series User Guide: A Complete Step By Step Guide On How To Use Your Samsung Galaxy S22| S22+| S22 Ultra For Beginners And Seniors With Tips And Tricks.,S$23.02,,
https://m.media-amazon.com/images/I/61R9yBGqLwL._AC_UL320_.jpg,Chip War: The Fight for the World's Most Critical Technology,S$33.49,,
