Image_Url, Item_Name, Item_Price, Average_Rating (Max Score is 5), Number_Of_Ratings 
https://m.media-amazon.com/images/I/51w2NNV4PEL._AC_UL320_.jpg,Xiaomi 11 Lite 5G NE AMOLED Smartphone| 8GB RAM + 256GB ROM (Peach Pink),S$499.00,4.7,62
https://m.media-amazon.com/images/I/51w5huPDGqL._AC_UL320_.jpg,IPEVO Uplift Multi-Angle Arm for Smartphones| Multi-Jointed Phone Holder for Visual Communication and Presentations| Small Footprint Smartphone Stand for Remote Work and Distance Learning.,S$95.68,4.4,69
https://m.media-amazon.com/images/I/81oPj2JzHDL._AC_UL320_.jpg,"Xiaomi HXM-9A-32-GRY-EU Redmi 9A Dual Sim Smartphone| 6.53"" LCD Display| 2GB RAM| 32GB ROM| Granite Gray",S$139.00,4.5,1'950
https://m.media-amazon.com/images/I/616O4heTezL._AC_UL320_.jpg,Xiaomi 11 Lite 5G NE AMOLED Smartphone| 8GB RAM + 256GB ROM (Bubblegum Blue),S$549.00,4.7,50
https://m.media-amazon.com/images/I/71DCZOdq92S._AC_UL320_.jpg,"OnePlus Nord N200 | 5G Unlocked Android Smartphone U.S Version | 6.49"" Full HD+LCD Screen | 90Hz Smooth Display | Large 5000mAh Battery | Fast Charging | 64GB Storage | Triple Camera|Blue Quantum",S$339.29,4.1,496
https://m.media-amazon.com/images/I/71Ig9GDPl1L._AC_UL320_.jpg,Samsung Galaxy S22 5G Smartphone SM-S901E/DS| 8GB RAM| 256GB ROM| Green,S$1'078.00,4.4,21
https://m.media-amazon.com/images/I/818EWKOQmaL._AC_UL320_.jpg,Samsung Galaxy S22+ 5G Smartphone SM-S906E/DS| 8GB RAM| 256GB ROM| Black,S$1'568.00,4.4,21
https://m.media-amazon.com/images/I/61D7FRHHKlL._AC_UL320_.jpg,"UMIDIGI A11 Pro Max Unlocked Cell Phone| with Sony Camera| 6.8"" FHD Full View Screen| 5150mAh Battery Android 11 Smartphone with Dual SIM (4G LTE) (A11 Pro Max 8+128G| Mist Blue)",S$399.00,3.8,155
https://m.media-amazon.com/images/I/51i8vTlJ8GL._AC_UL320_.jpg,"Xiaomi HXM-9A-32-GRN-EU Redmi 9A Dual Sim Smartphone| 6.53"" LCD Display| 2GB RAM| 32GB ROM| Peacock Green",S$139.00,4.5,708
https://m.media-amazon.com/images/I/61wnt4E0mQS._AC_UL320_.jpg,"Apple iPhone 12 Pro Smartphone| 6.1"" Display| 6GB RAM| 256GB ROM| iOS 14| Gold",,,
https://m.media-amazon.com/images/I/51bseWUDNOL._AC_UL320_.jpg,"Xiaomi HXM-9A-32-BLU-EU Redmi 9A Dual Sim Smartphone| 6.53"" LCD Display| 2GB RAM| 32GB ROM| Sky Blue",S$138.00,4.6,1'906
https://m.media-amazon.com/images/I/61yGox05lJL._AC_UL320_.jpg,ULTRALOQ U-Bolt Pro Bluetooth Enabled Keypad Smart 6-in-1 Keyless Entry | Smartphone App for iOS and Android | Fingerprint ID | Anti-peep Code | Auto Unlock & Auto Lock| Black,S$250.95,4.3,147
https://m.media-amazon.com/images/I/816xGeKghbL._AC_UL320_.jpg,Samsung A53 5G Smartphone SM-A536EZOHXSP| 8GB RAM| 256GB| Peach,S$615.00,3.7,3
https://m.media-amazon.com/images/I/71Y5r8ayD1L._AC_UL320_.jpg,Level Lock Smart Lock - Touch Edition| Keyless Entry Using Touch| a Key Card| or Smartphone. Bluetooth Enabled| Works with Ring and Apple HomeKit - Satin Chrome,S$494.90,3.8,242
https://m.media-amazon.com/images/I/41pLvsfWvcL._AC_UL320_.jpg,"ONEPLUS Nord AC2003 Dual SIM Smartphone| 6.44"" 90Hz Fluid AMOLED Display| 12GB RAM| 256GB Storage| OxygenOS Based on Android 10| Marble Blue",,,
https://m.media-amazon.com/images/I/61PohhhWsaS._AC_UL320_.jpg,Smart Wifi Power Strip| NTONPOWER WiFi Plug with Individually Controlled| Voice Control Work with Alexa Google Home| Surge Protector with 4 Outlets Plug and 4 USB|Smart Life APP Control via Smartphone,S$53.99,4.6,3
https://m.media-amazon.com/images/I/81Q3UEJouWL._AC_UL320_.jpg,Samsung Galaxy S22 Ultra 5G Smartphone SM-S908E/DS| 12GB RAM| 256GB ROM| Green,S$1'509.00,4.4,21
https://m.media-amazon.com/images/I/31WpINDf46L._AC_UL320_.jpg,8Bitdo Smartphone Clip for SN30 Pro+ Bluetooth Gamepad (Black Edition),,,
https://m.media-amazon.com/images/I/71gag816F7L._AC_UL320_.jpg,ONEPLUS AC2001 Nord Dual SIM Smartphone| 8GB RAM| 128GB ROM| Grey Onyx,S$649.00,4.4,18'154
https://m.media-amazon.com/images/I/81YdnhkwYrL._AC_UL320_.jpg,Click N Play CNP0053 8 Piece Girls Pretend Play Purse|Including a Smartphone| Car keys| Credit Card| Lipstick| Lights up and Make Real Life Sounds Pink,S$28.18,4.6,14'890
https://m.media-amazon.com/images/I/81B5Pacs4UL._AC_UL320_.jpg,Kids Doll Interacting Toy Karaoke Machine Performance Stage Disco LED Lights| Guitar| Microphone with Stand Sunglasses Smartphone MP3 Connectivity Sing-Along Perfect For 18 inch American Girl Dolls,S$58.39,3.5,50
https://m.media-amazon.com/images/I/91VcRjGq46L._AC_UL320_.jpg,Arcane Wonders Smartphone Inc,S$66.94,4.5,41
https://m.media-amazon.com/images/I/6157zLB4+dL._AC_UL320_.jpg,RENPHO Body Fat Scale Smart BMI Scale Digital Bathroom Wireless Weight Scale| Body Composition Analyzer with Smartphone App sync with Bluetooth| 396 lbs - Black,S$42.99,4.7,186'181
https://m.media-amazon.com/images/I/51t0uAOwEnL._AC_UL320_.jpg,[SG-Instock] iBaby Care M8| Smart WiFi Baby Monitor with Smartphone App| 2K Resolution| Color Night Vision (1-Year SG Warranty & SG Plug),S$299.00,3.4,3
https://m.media-amazon.com/images/I/91NQL4PjYFL._AC_UL320_.jpg,Women's Wristlet Wallet - Glove It - Zipper Wristlets for Women - Ladies Wristlet Purse - Removable Strap for Keychain - Make Up| Cell Phone| Smartphone| Travel| Credit Cards,S$21.87,4.5,451
https://m.media-amazon.com/images/I/81ezI13BkuL._AC_UL320_.jpg,Disney Princess Style Collection Wristlet with Toy Smartphone,,,
https://m.media-amazon.com/images/I/81J7BJ8-uaL._AC_UL320_.jpg,LeapFrog Chat And Count Smart Phone| Violet,S$24.90,4.6,3'242
https://m.media-amazon.com/images/I/51S9E71Cp2L._AC_UL320_.jpg,iBaby Smart WiFi Baby Monitor M7 Lite| 1080P Full HD Camera| Two Way Talk| Temperature Sensor| Night Vision| Wake Up and Bedtime Music| Remote Pan and Tilt with Smartphone App for Android and iOS,S$253.60,4.3,507
https://m.media-amazon.com/images/I/61KpGx7qMcL._AC_UL320_.jpg,Smoby - V8 Driver with Smartphone Holder,S$167.72,3.9,693
https://m.media-amazon.com/images/I/41QiwpD9kdL._AC_UL320_.jpg,Bugaboo Smartphone Holder - Compatible With Most Smartphone - Black,S$139.07,3.6,85
https://m.media-amazon.com/images/I/71TEoIWizjL._AC_UL320_.jpg,Fisher-Price Laugh & Learn Leave a Message Smart Phone,S$33.77,4.6,657
https://m.media-amazon.com/images/I/619q3Ujiy4L._AC_UL320_.jpg,Healthkeep Scale for Body Weight|Digital Bathroom Scale|Wireless Smart Bluetooth Body Fat BMI Scale|High Precision Measurements Body Fitness Composition Analyzer with Smartphone App 396 lbs,S$47.91,4.6,1'969
https://m.media-amazon.com/images/I/51jRjrioEEL._AC_UL320_.jpg,Mobile Smartphone Breathalyzer Professional-Grade Wireless,,,
https://m.media-amazon.com/images/I/61xoEN1dwzL._AC_UL320_.jpg,KoreHealth KoreScale - Bathroom Scale BMI and Weight Tracker | Bathroom Scale Body Fat Muscle Calculator | Fitness Scale Body Analyzer with Bluetooth | Wireless Fitness Track Scale with Smartphone App,S$108.79,4.5,130
https://m.media-amazon.com/images/I/617DmkwDPqL._AC_UL320_.jpg,Withings Body+ - Digital Wi-Fi Smart Scale with Automatic Smartphone App Sync| Full Body Composition Including| Body Fat| BMI| Water Percentage| Muscle & Bone Mass| with Pregnancy Tracker & Baby Mode,S$109.28,4.5,24'041
https://m.media-amazon.com/images/I/61TKusDLOaL._AC_UL320_.jpg,FITINDEX Bluetooth Body Fat Scale| Smart Wireless BMI Bathroom Weight Scale Body Composition Monitor Health Analyzer with Smartphone App for Body Weight| Fat| Water| BMI| BMR| Muscle Mass - White,S$62.02,4.6,57'467
https://m.media-amazon.com/images/I/61alIDGTKbL._AC_UL320_.jpg,OMRON HEM-7600T-AP3 Blood Pressure Monitor Smart Elite,S$178.00,4.3,415
https://m.media-amazon.com/images/I/71TVzcDn40L._AC_UL320_.jpg,Sakroots Arcadia Recycled Large Smartphone Crossbody| Tobacco,S$67.78,5,1
https://m.media-amazon.com/images/I/51AAgWVFe4L._AC_UL320_.jpg,Celestron – Ultima 80 Angled Spotting Scope with Smartphone Adapter – 20 to 60x80mm Zoom Eyepiece – Multi-Coated Optics for Bird Watching,S$431.68,4.4,1'830
https://m.media-amazon.com/images/I/71X6Q8cL90L._AC_UL320_.jpg,VANGUARD VESTA TT1 BP Aluminum Tabletop Tripod with Smart Phone Holder| Black,S$69.14,4.2,18
https://m.media-amazon.com/images/I/61bCnyGNooL._AC_UL320_.jpg,DJI OM 4 SE-3-Axis Smartphone Gimbal Stabilizer with Tripod| Magnetic Design| Portable and Foldable| ActiveTrack 3.0| Story Mode| Vlogging Stabilizer for Android and iPhone|White|CP.OS.00000169.01,S$142.37,4.3,1'392
https://m.media-amazon.com/images/I/41AaS3Fc3wL._AC_UL320_.jpg,JOBY GripTight ONE Micro Stand: A Super-Compact| Go Anywhere Universal Smartphone Stand for iPhone SE to iPhone 8 Plus| Google Pixel| Samsung Galaxy S8 and More,S$53.85,4.4,4'145
https://m.media-amazon.com/images/I/31Kfv0ySxdL._AC_UL320_.jpg,Celestron 52348 Ultima 65 Angled Spotting Scope with Smartphone Adapter,S$256.14,4.4,1'830
https://m.media-amazon.com/images/I/61y6m7f5klL._AC_UL320_.jpg,Celestron NexYZ 3-Axis Universal Smartphone Adapter,S$92.88,4.2,3'124
https://m.media-amazon.com/images/I/618ZQAW9O1L._AC_UL320_.jpg,Rockville ips22 Smartphone/Tablet Mount - Screws in to Any Mic Stand or Boom Arm,S$33.82,4.1,84
https://m.media-amazon.com/images/I/81b+rOOhWsL._AC_UL320_.jpg,Manfrotto Universal| clamp TwistGrip Tripod Adapter Clamp for Smartphones| Silver| compact (MTWISTGRIP),S$62.09,4,470
https://m.media-amazon.com/images/I/41f7sNC+WpL._AC_UL320_.jpg,BOYA BY-MM1 Shotgun Video Microphone| Universal Compact On-Camera Mini Recording Mic| Directional Condenser for DSLR| Camcorder| iPhone| Android Smartphones| Mac| Tablet,S$37.90,3.9,2'531
https://m.media-amazon.com/images/I/51KrjPYDOAS._AC_UL320_.jpg,mophie snap Adapter - Add Magnetic snap Compatibility to Any Smartphone,S$36.31,4,194
https://m.media-amazon.com/images/I/61KTKuYOCRL._AC_UL320_.jpg,BOYA BY-M1-PRO Premium Universal Omnidirectional Lavalier Microphone for Cameras| Smartphones| Tablets| Computers| Recorders & More| Black,S$35.82,3.8,823
https://m.media-amazon.com/images/I/61h0zRHqQCL._AC_UL320_.jpg,Samsung Electronics Galaxy Z Flip 3 Phone Case| Silicone Protective Cover with Ring| Heavy Duty| Shockproof Smartphone Protector| US Version| Coral|EF-PF711TPEGUS,S$48.52,4.5,921
https://m.media-amazon.com/images/I/71A4DDkaZ3L._AC_UL320_.jpg,Shure MV7 USB Podcast Microphone for Podcasting| Recording| Live Streaming & Gaming| Built-In Headphone Output| All Metal USB/XLR Dynamic Mic| Voice-Isolating Technology| TeamSpeak Certified - Silver,S$399.00,4.8,2'652
https://m.media-amazon.com/images/I/71nNneBbisL._AC_UL320_.jpg,Sabrent Lavalier/Lapel Clip-on Omnidirectional Condenser Microphone for iPhone & Android Smartphones or Any Other Mobile Device (AU-SMCR),S$14.99,4.1,1'051
https://m.media-amazon.com/images/I/61mH1EqCUBL._AC_UL320_.jpg,Sony MDRZX110AP ZX Series Extra Bass Smartphone Headset with Mic (White),S$35.00,4.4,8'758
https://m.media-amazon.com/images/I/51TTg4did4S._AC_UL320_.jpg,Audio-Technica ATR3350xiS Omni Lavalier Microphone for Smartphones,,,
https://m.media-amazon.com/images/I/51IClRZGLbL._AC_UL320_.jpg,HAMMOCK ACCESSORY ORG LARGE BLACK,S$33.29,4.6,300
https://m.media-amazon.com/images/I/61uA1fR8eDL._AC_UL320_.jpg,Karaoke Microphone|Wireless Bluetooth Portable Handheld Karaoke Microphone|with Duet Vocal Remover Function and Dual Speakers|Family Birthday Party Kids Adults for All Smartphones and PC(black+Purple),S$48.99,2.9,2
https://m.media-amazon.com/images/I/71g+iQxhJYS._AC_UL320_.jpg,Fujifilm Instax Mini Link Smartphone Printer - Dark Denim,,,
https://m.media-amazon.com/images/I/61Ib0ek0xzL._AC_UL320_.jpg,Smartphone-Based Detection Devices: Emerging Trends in Analytical Techniques,,,
https://m.media-amazon.com/images/I/715oLkXCxAL._AC_UL320_.jpg,YAMAZAKI home 2300 Tower Desk Bar| Black,S$44.04,4.5,292
https://m.media-amazon.com/images/I/71S2KxBPazL._AC_UL320_.jpg,The Smartphone Filmmaking Handbook: Revealing the secrets of smartphone movie making,S$23.76,4.3,50
https://m.media-amazon.com/images/I/51-YxOH+UBL._AC_UL320_.jpg,BYINTEK P20 Mini Portable Pico Smart Android Wifi 1080P Screenless TV Laser LED DLP Projector for Mobile Smartphone/PC 3D 4K Cinema,,,
https://m.media-amazon.com/images/I/61Uijp7FHwL._AC_UL320_.jpg,Modern Computer Architecture and Organization: Learn x86| ARM| and RISC-V architectures and the design of smartphones| PCs| and cloud servers,S$56.31,4.7,56
https://m.media-amazon.com/images/I/81T6RinJyHL._AC_UL320_.jpg,In Another World With My Smartphone: Volume 20,S$24.65,5,7
https://m.media-amazon.com/images/I/71jnEJihKYS._AC_UL320_.jpg,Fossil Men's Collider Hybrid Smartwatch HR with Always-On Readout Display| Heart Rate| Activity Tracking| Smartphone Notifications| Message Previews,S$302.94,4.3,2'321
https://m.media-amazon.com/images/I/71+2fFMSqvL._AC_UL320_.jpg,Garmin vivofit jr. 3| Fitness Tracker for Kids| Includes Interactive App Experience| Swim-Friendly| Up To 1-year Battery Life| Lilac Floral,S$127.58,4.4,2'360
https://m.media-amazon.com/images/I/51oDtQRBRaL._AC_UL320_.jpg,Nathan 4640N-0015-OS Trail Mix Plus 2 Hydration Belt| 600ml| Black (SS20),S$61.83,4.2,285
https://m.media-amazon.com/images/I/71sMpUjoMXL._AC_UL320_.jpg,August Home AK-R1 August Smart Keypad| Dark Gray,S$86.31,5,4
https://m.media-amazon.com/images/I/51Fsv7V7gYL._AC_UL320_.jpg,[GLIDER]Neck Mount Air(Matte Black)&Hard type Adjuster For GoPro MAX/HERO9Black/8/7/6/5/4/Session/DJI Osmo Pocket/Action|smartphone|selfie|neck holder|neck strap|[Made in Japan][GLD4706MJ53HB],S$34.07,4.5,108
https://m.media-amazon.com/images/I/610M4GnJnpL._AC_UL320_.jpg,Seek Thermal CompactPRO – High Resolution Thermal Imaging Camera for Android MicroUSB,S$488.95,4,73
https://m.media-amazon.com/images/I/41shK+TxTuL._AC_UL320_.jpg,Computer Smartphone Tablet Android Micro USB Fabric Wrist Band Adapter Cord,,,
https://m.media-amazon.com/images/I/610LcRkBXeL._AC_UL320_.jpg,U-Bolt Pro Bluetooth Enabled Fingerprint and Keypad Smart Deadbolt + Bridge WiFi Adaptor | 6-in-1 Keyless Entry | Control Remotely Via Smartphone | Fingerprint ID | Anti-peep Code | Auto Unlock & Lock,S$276.64,4.4,848
https://m.media-amazon.com/images/I/51Xd5ioRZOL._AC_UL320_.jpg,[2-Pack] Anker Powerline Micro USB (6ft) - Durable Charging Cable| with Aramid Fiber and 5000+ Bend Lifespan for Samsung| Nexus| LG| Motorola| Android Smartphones and More (Black),S$38.97,4.6,4'004
https://m.media-amazon.com/images/I/610qB32PvtL._AC_UL320_.jpg,LENCENT USB Plug Extension with 3 USB Ports| 3 Way USB Socket Extension| 6-in-1 USB Outlet Plug Extender for Household Appliances| iPhone| Smartphone Tablets| Ideal for Home Office Bedroom| 13A 3250W,S$28.99,4.8,13
https://m.media-amazon.com/images/I/51xqnfUMXmL._AC_UL320_.jpg,Jinvoo WiFi Wall Light Touch Panel Switch| Remote Control with Smart Phone|No Hub Required| AC 110-240V| compatible with Amazon Alexa and Google Assistant,S$36.99,5,1
https://m.media-amazon.com/images/I/51CRSU1MOFS._AC_UL320_.jpg,3 in 1 Charging Cable| 3.2ft Type C Charging Cable Fast Charge Phone Charging Cable| Premium Pvc Universal Usb Multi Charging Cable Compatible with Most Mobile Phones| Smartphones| Tablets White,S$8.99,5,1
https://m.media-amazon.com/images/I/516RikIJuHL._AC_UL320_.jpg,Xiaomi Mi USB-C Cable| 1m (White)|One Size,S$12.90,4.6,180
https://m.media-amazon.com/images/I/61lq5M9KY5L._AC_UL320_.jpg,NETUM 2D Barcode Scanner| Compatible with 2.4G Wireless & Bluetooth & USB Wired Connection| Connect Smart Phone| Tablet| PC| 1D Bar Code Reader Work for QR PDF417 Datamatrix NT-1228BL,S$54.99,4.1,643
https://m.media-amazon.com/images/I/61eK8iM-rkL._AC_UL320_.jpg,Zero Friction Men's Cabretta Elite,S$25.96,4.5,757
https://m.media-amazon.com/images/I/61f8RMIzQIL._AC_UL320_.jpg,Thule Smartphone Bike Mount | Black,S$41.43,4.5,117
https://m.media-amazon.com/images/I/61U9iOTE9sL._AC_UL320_.jpg,Brinno (SHC1000W) 12MM Front Door Peephole Security Camera | Optical-Lens-Grade | With Motion Sensor Technology|Black|Brinno DUO|1 Count (Pack of 1),S$293.63,3.4,309
https://m.media-amazon.com/images/I/81pvrSKDbcL._AC_UL320_.jpg,Carson Red Planet Series 25-56x80mm Refractor Telescope with Universal Smartphone Digiscoping Adapter (RP-200SP)|Medium,S$317.14,4.3,10
https://m.media-amazon.com/images/I/610iYTkyiBL._AC_UL320_.jpg,Xiaomi Mi 360 Degree Home Security Camera 2K Pro,S$68.90,4.3,578
https://m.media-amazon.com/images/I/71+-RmE9cHL._AC_UL320_.jpg,2022 Best 4G GPS Tracker Unlocked Wrist Smart Phone Watch for Kids with Sim Camera Video Call Fitness Tracker Birthday for Children Boys Girls iOS Android Smartphone (Blue),,,
https://m.media-amazon.com/images/I/812oUz8LDIL._AC_UL320_.jpg,BEWISHOME Valet Tray for Men Dresser Organizer Nightstand Organizer Desktop Storage Organizer with Large Smartphone Charging Station| 6 Compartments| Faux Leather| Brown SSH16Z,S$41.83,4.8,105
https://m.media-amazon.com/images/I/51YMrZbuBLL._AC_UL320_.jpg,[GLIDER]Neck Mount Air(Titanium White)&Soft type Adjuster For GoPro MAX/HERO9Black/8/7/6/5/4/Session/DJI Osmo Pocket/Action|smartphone|selfie|neck holder|neck strap|[Made in Japan][GLD4690MJ52SW],S$35.60,4.5,9
https://m.media-amazon.com/images/I/71e32OQYsVL._AC_UL320_.jpg,Fossil Women's Charter Hybrid Smartwatch HR with Always-On Readout Display| Heart Rate| Activity Tracking| Smartphone Notifications| Message Previews,S$281.63,4.3,821
https://m.media-amazon.com/images/I/61CStY13y+L._AC_UL320_.jpg,Hauteworks CLIQ Smart Bicycle Tail Light w/Brightest LED| USB Rechargeable| Smart Phone Controlled| Anti-Theft| Universal Mounting| Advanced Optics & AI,,,
https://m.media-amazon.com/images/I/71F0Q-dp8mL._AC_UL320_.jpg,polyWatch glass polishing cream repair watches| smartphone| car| furniture| household| window,S$30.07,3.2,194
https://m.media-amazon.com/images/I/81F1EKfYmkL._AC_UL320_.jpg,Oral-B Genius 9000 Electric Toothbrush| White,S$249.00,4.2,11
https://m.media-amazon.com/images/I/61wFRGoQ8dL._AC_UL320_.jpg,Day Tip Money Belt - Passport Holder Secure Hidden Travel Wallet with RFID Blocking| Undercover Fanny Pack,S$26.49,4.4,1'969
https://m.media-amazon.com/images/I/61cn-miWbKL._AC_UL320_.jpg,G-Shock Men's Automatic Sport Watch with Resin Strap| Black| 26.3 (Model: GBD200-1),S$269.74,4.6,46
https://m.media-amazon.com/images/I/71ayxgsN6mL._AC_UL320_.jpg,Sakroots Smartphone Crossbody,S$67.78,4.4,33
https://m.media-amazon.com/images/I/813QlYdoXsL._AC_UL320_.jpg,Wahoo RPM Cycling Speed and Cadence Sensor,S$57.09,4.5,1'669
https://m.media-amazon.com/images/I/51bRPRT8rfL._AC_UL320_.jpg,iBaby Smart WiFi Baby Monitor| 1080P Full HD Camera| Temperature and Humidity Sensors| Motion and Cry Alerts| Moonlight Projector| Remote Pan and Tilt with Smartphone App for Android and iOS,,,
https://m.media-amazon.com/images/I/81gmLcsQXYL._AC_UL320_.jpg,Muc Off Essentials Case,S$30.02,4.5,46
https://m.media-amazon.com/images/I/51LzmwZZOaL._AC_UL320_.jpg,Delicate Smart Watches relogio inteligente Bluetooth Smart Watch Men Intelligent Digital Sport Smartwatch DZ09 Pedometer for Android Smartphone|Colour Name:Silver (Color : Silver),,,
https://m.media-amazon.com/images/I/51TTg4did4S._AC_UL320_.jpg,Audio-Technica ATR3350xiS Omni Lavalier Microphone for Smartphones,,,
https://m.media-amazon.com/images/I/41fSRM7e36L._AC_UL320_.jpg,Compex Mini Wireless Electric Muscle Stimulator EMS with Tens 2 Pods| Smartphone Compatible with Mobile App Apple & Android for Workouts & Training Log,S$284.94,3.9,120
https://m.media-amazon.com/images/I/61xoEN1dwzL._AC_UL320_.jpg,KoreHealth KoreScale - Bathroom Scale BMI and Weight Tracker | Bathroom Scale Body Fat Muscle Calculator | Fitness Scale Body Analyzer with Bluetooth | Wireless Fitness Track Scale with Smartphone App,S$108.79,4.5,130
https://m.media-amazon.com/images/I/619q3Ujiy4L._AC_UL320_.jpg,Healthkeep Scale for Body Weight|Digital Bathroom Scale|Wireless Smart Bluetooth Body Fat BMI Scale|High Precision Measurements Body Fitness Composition Analyzer with Smartphone App 396 lbs,S$47.91,4.6,1'969
https://m.media-amazon.com/images/I/91W3f15ZEoL._AC_UL320_.jpg,Johns Avenue UV Phone Sanitizer and Charger - UV Sanitizer with Quick 5 Minute Sanitation Mode Can Be Used in Car to Sanitize On The Way Home - Keys| Cash| Anything Phone Sterilizer White,S$57.75,4.5,396
https://m.media-amazon.com/images/I/61rk6F2LXAL._AC_UL320_.jpg,Bebird X17 Pro Ear Endoscope with 6 LED Lights 3.5mm 1080P HD WiFi Ear Wax Removal Wireless Camera Digital Otoscope for iPhone and Android Smartphone (Black),,,
https://m.media-amazon.com/images/I/61dVckueKZL._AC_UL320_.jpg,Smartphone Based Medical Diagnostics,,,
https://m.media-amazon.com/images/I/61kiR4PSXkL._AC_UL320_.jpg,iOttie Auto Sense Qi Wireless Charging Car Charger Automatic Clamping Cup Holder Phone Mount for iPhone| Samsung Galaxy| Huawei| LG| Smartphones,S$72.17,4.1,132
https://m.media-amazon.com/images/I/51HziAW+DXL._AC_UL320_.jpg,Motorola MA1 Wireless Android Auto Car Adapter - Instant Connection from Smartphone to Car Screen with Easy Setup - Direct Plug-in USB Adapter - Secure Gel Pad Included,,,
https://m.media-amazon.com/images/I/81cez6RPbBL._AC_UL320_.jpg,Macally Windshield Phone Mount| Adjustable Suction Cup Window Mount Phone Holder for iPhone XS XS Max XR X 8 Plus 7+ 6s 6 Plus SE Samsung Galaxy Note9 S9 S9+ S8 Note 5 Nexus Xperia Moto Smartphones,S$21.57,3.7,91
https://m.media-amazon.com/images/I/61oX2oehUzS._AC_UL320_.jpg,XXXXX,S$36.09,3,2
https://m.media-amazon.com/images/I/61yQcCGu++L._AC_UL320_.jpg,Satechi Universal Smartphone CD Slot Mount - Compatible with iPhone 11 Pro Max/11 Pro/11| XS Max/XS/XR/X| Samsung Galaxy S10 Plus/S10| Nexus 5X/6P,S$24.99,4.2,2'219
https://m.media-amazon.com/images/I/61B82uB-0lL._AC_UL320_.jpg,Garmin Edge Universal Cell Phone Mount Adapter by KOM Cycling - Attach Your iPhone or Any Smartphone to Any Garmin Bike Mount - Garmin Phone Mount Quarter Turn Adhesive Adapter,S$22.60,4.4,915
https://m.media-amazon.com/images/I/71PQ8TZfWhL._AC_UL320_.jpg,Scosche MEDPMSG MagicMount Elite Magnetic Smartphone/GPS Mount| Space Gray Elite| Double-Pivot,S$17.81,4.3,116
https://m.media-amazon.com/images/I/71NM-xy8MXL._AC_UL320_.jpg,SCOSCHE Magnetic Mount XL for Universal/Smartphones - Retail Packaging - Black,S$26.24,4.5,1'443
https://m.media-amazon.com/images/I/815lEm2Ij5L._AC_UL320_.jpg,iOttie Wireless Car Charger Auto Sense Qi Charging Automatic Clamping CD + Air Vent Combo Phone Mount for iPhone| Samsung Galaxy| Huawei| LG| Smartphones,S$86.91,4.3,3'203
https://m.media-amazon.com/images/I/71S789O07yL._AC_UL320_.jpg,Rngeo Finger Ring Stands Set| Pack of 4 Universal Thin 360 Degree Rotation Phone Rings| Compatible with iPhone| Android & Other Smartphones (4 Packs of Rose Gold| Gold| Gray| Silver & Black),S$19.09,4,583
https://m.media-amazon.com/images/I/71NKxwOaPXL._AC_UL320_.jpg,Koomus CD-Eco Universal CD Slot Smartphone Car Mount Holder for all iPhones and Android Devices,S$30.24,4.2,1'022
https://m.media-amazon.com/images/I/61B3a6an4FL._AC_UL320_.jpg,MYMOSH DASHBAORD MAGNETIC CAR MOUNT| WITH 6 ULTRA STRONG MAGNETIC| 3M TAPE BASE| AND 360 DEGREES SWIVLE MOUNT| UNIVERSAL COMPATIBLE WITH ALL SMARTPHONES,,,
https://m.media-amazon.com/images/I/61GB+mdF-6L._AC_UL320_.jpg,Garmin Varia RVR315| Cycling Rearview Radar with Visual and Audible Alerts for Vehicles Up to 153 Yards Away,S$204.20,4.7,183
https://m.media-amazon.com/images/I/71NKSIsBVbL._AC_UL320_.jpg,Nite Ize WPT-09-R3 Wraptor| Rotating Smartphone Bar Mount Gray,S$28.32,4.6,1'916
https://m.media-amazon.com/images/I/818GxknhXiL._AC_UL320_.jpg,Nite Ize Squeeze Rotating Smartphone Bar Mount| Universal Bike Phone Holder For Bar or Stem| Compatible With MagSafe iPhone 12 Pro Max/Mini/Galaxy/Edge/Google Pixel and more,S$29.49,4.4,56
https://m.media-amazon.com/images/I/71aH0jb-7bL._AC_UL320_.jpg,iOttie Easy One Touch 4 CD Slot Car Mount Phone Holder for iPhone XS Max R 8 Plus 7 Samsung Galaxy S9 S8 Edge S7 Note 9 & other Smartphone,S$27.60,4.4,9'685
https://m.media-amazon.com/images/I/71eFUS0gS4L._AC_UL320_.jpg,Magnetic Cup Holder Phone Mount| WixGear Extendable Arm Universal Car Cup Holder Adjustable Base Automobile Cup Holder Smart Phone Cradle Car Mount,S$30.96,4.3,220
https://m.media-amazon.com/images/I/61tRW+kQxiL._AC_UL320_.jpg,Beam Electronics Universal Smartphone Car Air Vent Mount Holder Cradle for iPhone XS XS Max X 8 8 Plus 7 7 Plus SE 6s 6 Plus 6 5s 5 4s 4 Samsung Galaxy S6 S5 S4 LG Nexus Sony Nokia and More…,S$29.29,5,1
https://m.media-amazon.com/images/I/61mHJjof8YL._AC_UL320_.jpg,Sprinter Backup Camera (WiFi Camera View on Smart Phone),S$112.20,2.5,2
https://m.media-amazon.com/images/I/71ZYEkmn76L._AC_UL320_.jpg,BOYO Vision iKeyFree Pro - Smart Keyless Entry System via Smartphone for Multiple Vehicles (iOS & Android Compatible)| Multicolored,S$152.49,5,1
https://m.media-amazon.com/images/I/61m9yFjbotL._AC_UL320_.jpg,ChargerCity Claw-X Nonslip Smartphone Beanbag Friction Dashboard Mount for Galaxy S21 S22 i Phone 13 12 11 XR XS Pro MAX OnePlue Google Pixel Moto (All Smartphones up to 4 inch Wide),S$34.06,4.4,1'537
https://m.media-amazon.com/images/I/710Ajy77AfL._AC_UL320_.jpg,Car Phone Holder Dashboard Cellphone Mount Mobile Clip Stand HUD Non-Slip Cell Phone Holder Design for Smart phone(3.0-6.5inch),S$10.99,2.7,4
https://m.media-amazon.com/images/I/71lhV4dxYbL._AC_UL320_.jpg,TUNAI Button Media Remote Control - Bluetooth 5.0| IPX5 Splash Proof Wireless 6 Button Remote for iPhone and Android Smartphones - Play/Pause| Next/Last Track| Volume| Siri| Camera and Video Recording,S$50.49,4.1,823
https://m.media-amazon.com/images/I/51yGkj++spL._AC_UL320_.jpg,TruGlide Pro Universal Stylus Mesh Fiber Fine Point Stylus Pen for All Capacitive Touchscreen Smartphones and Tablets (Black with Replaceable Silver Microfiber Tip),S$17.62,4.1,510
https://m.media-amazon.com/images/I/81FsA7AidwL._AC_UL320_.jpg,"Topeak TT9849B Omni Ride Case with Strap Mount Fit Black Smart Phone From 4.5"" To 5.5""",S$26.52,4.2,110
https://m.media-amazon.com/images/I/51gR1FGJARL._AC_UL320_.jpg,Golf Buddy Aim W11 Golf GPS Watch| Premium Full Color Touchscreen| Preloaded with 40|000 Worldwide Courses| Easy-to-use Golf Watches,S$239.00,3.9,543
https://m.media-amazon.com/images/I/61yMiOFwJXL._AC_UL320_.jpg,Bodystance The Backpod Premium Treatment For Neck Upper Back And Headache Pain From Hunching Over Smartphones And Computers. Great For Costochondritis Thoracic Motion And Perfect Posture Green,S$127.52,4.4,2'108
https://m.media-amazon.com/images/I/71zpfW6BynL._AC_UL320_.jpg,Phone Holder Made for PM5 Monitors of Concept 2 Rower| SkiErg and BikeErg - Silicone Smartphone Cradle Compatible with Concept 2 Rowing Machine. Ideal Rower Accessories,S$29.66,4.6,1'711
https://m.media-amazon.com/images/I/718UqamtyqL._AC_UL320_.jpg,Wahoo KICKR Multi-Purpose| Adjustable Height Desk for Indoor Cycling and Standing,S$319.13,4.6,404
https://m.media-amazon.com/images/I/41urVRmw5rL._AC_UL320_.jpg,HAZARD 4 Big-Koala(TM) Smart Phone Pouch w/MOLLE (R),S$28.40,4.1,41
https://m.media-amazon.com/images/I/81xoxDuRrSL._AC_UL320_.jpg,Modern Computer Architecture and Organization -: Learn x86| ARM| and RISC-V architectures and the design of smartphones| PCs| and cloud servers,,,
https://m.media-amazon.com/images/I/817bThGbi8L._AC_UL320_.jpg,In Another World With My Smartphone: Volume 19,S$24.23,4.9,16
https://m.media-amazon.com/images/I/81Y0gcAGlGS._AC_UL320_.jpg,In Another World with My Smartphone| Vol. 2,S$17.95,4.8,13
https://m.media-amazon.com/images/I/81Gt7vYw9KS._AC_UL320_.jpg,Rule of the Robots: How Artificial Intelligence Will Transform Everything,S$38.37,4.3,9
https://m.media-amazon.com/images/I/61ZJc7xtJlL._AC_UL320_.jpg,Android Smartphone Photography For Dummies,S$37.56,4.7,5
https://m.media-amazon.com/images/I/81sSmEzc6FL._AC_UL320_.jpg,Smartphone Photography in easy steps: Covers Iphones and Android Phones,S$19.90,4.4,51
https://m.media-amazon.com/images/I/81GJx3B43kL._AC_UL320_.jpg,Smart Phone Smart Photography: Simple techniques for taking incredible pictures with iPhone and Android,S$25.68,4.5,275
https://m.media-amazon.com/images/I/71LKsiAXLpL._AC_UL320_.jpg,Cavemen with Smartphones: how evolution shaped history and finance,S$28.37,4.3,7
https://m.media-amazon.com/images/I/71iovtJKSWL._AC_UL320_.jpg,National Geographic Complete Photo Guide: How To Take Better Pictures,S$54.87,4.6,18
https://m.media-amazon.com/images/I/4104VM1p7PL._AC_UL320_.jpg,Data: New Trajectories in Law,,,
https://m.media-amazon.com/images/I/81qvLeZGIhL._AC_UL320_.jpg,In Another World With My Smartphone: Volume 18,S$24.28,4.9,16
https://m.media-amazon.com/images/I/817bThGbi8L._AC_UL320_.jpg,In Another World With My Smartphone: Volume 19,S$24.23,4.9,16
https://m.media-amazon.com/images/I/81Y0gcAGlGS._AC_UL320_.jpg,In Another World with My Smartphone| Vol. 2,S$17.95,4.8,13
https://m.media-amazon.com/images/I/81Gt7vYw9KS._AC_UL320_.jpg,Rule of the Robots: How Artificial Intelligence Will Transform Everything,S$38.37,4.3,9
https://m.media-amazon.com/images/I/61ZJc7xtJlL._AC_UL320_.jpg,Android Smartphone Photography For Dummies,S$37.56,4.7,5
https://m.media-amazon.com/images/I/81sSmEzc6FL._AC_UL320_.jpg,Smartphone Photography in easy steps: Covers Iphones and Android Phones,S$19.90,4.4,51
https://m.media-amazon.com/images/I/81GJx3B43kL._AC_UL320_.jpg,Smart Phone Smart Photography: Simple techniques for taking incredible pictures with iPhone and Android,S$25.68,4.5,275
https://m.media-amazon.com/images/I/71LKsiAXLpL._AC_UL320_.jpg,Cavemen with Smartphones: how evolution shaped history and finance,S$28.37,4.3,7
https://m.media-amazon.com/images/I/71iovtJKSWL._AC_UL320_.jpg,National Geographic Complete Photo Guide: How To Take Better Pictures,S$54.87,4.6,18
https://m.media-amazon.com/images/I/4104VM1p7PL._AC_UL320_.jpg,Data: New Trajectories in Law,,,
https://m.media-amazon.com/images/I/81qvLeZGIhL._AC_UL320_.jpg,In Another World With My Smartphone: Volume 18,S$24.28,4.9,16
https://m.media-amazon.com/images/I/71U2RzaGYNL._AC_UL320_.jpg,Smartphone Smart Marketing: A layman’s guide to content marketing| social media strategy| photography| video production| audio and live streaming.,S$19.49,4.8,7
https://m.media-amazon.com/images/I/61-SPO18kUL._AC_UL320_.jpg,picK-me Mobile Game Controller| Gaming Trigger Smartphone Shooter Sensitive Controller Joysticks PUBG Mobile| for 4.7-6.5 Inch Smartphone,,,
https://m.media-amazon.com/images/I/41QiwpD9kdL._AC_UL320_.jpg,Bugaboo Smartphone Holder - Compatible With Most Smartphone - Black,S$139.07,3.6,85
https://m.media-amazon.com/images/I/71uQCFP4O7L._AC_UL320_.jpg,Moonlite Storybook Projector for Smartphones with 5 Story Reels| for Ages 1 and Up,S$90.42,4.5,1'411
https://m.media-amazon.com/images/I/516cCd4TYEL._AC_UL320_.jpg,Nearbebe Care - Infant| Baby Monitor: Live Tracks| Alert on No Breathing| Rollover| Skin Temperature| Smart Wearable Device| Movement Sensor| Smartphone App| Room Temp & Humidity,S$219.06,3.2,20
https://m.media-amazon.com/images/I/61KpGx7qMcL._AC_UL320_.jpg,Smoby - V8 Driver with Smartphone Holder,S$167.72,3.9,693
https://m.media-amazon.com/images/I/31VRsgWVSIL._AC_UL320_.jpg,Fisher-Price Musical Smart Phone,S$32.94,4,1
https://m.media-amazon.com/images/I/71McHlLbiEL._AC_UL320_.jpg,JOYIN My Learning Remote and Phone Bundle with Music| Fun| Smartphone Toys for Baby| Infants| Kids| Boys or Girls Birthday Gifts| Christmas Stocking Stuffers| Xmas Present.,S$43.80,4.6,4'646
https://m.media-amazon.com/images/I/61mHJjof8YL._AC_UL320_.jpg,Sprinter Backup Camera (WiFi Camera View on Smart Phone),S$112.20,2.5,2
https://m.media-amazon.com/images/I/71A4DDkaZ3L._AC_UL320_.jpg,Shure MV7 USB Podcast Microphone for Podcasting| Recording| Live Streaming & Gaming| Built-In Headphone Output| All Metal USB/XLR Dynamic Mic| Voice-Isolating Technology| TeamSpeak Certified - Silver,S$399.00,4.8,2'652
https://m.media-amazon.com/images/I/61WRJAbW+HL._AC_UL320_.jpg,IK Multimedia iRig BlueTurn Wireless Page Turner for Smartphones and Tablets,S$227.78,4.4,930
https://m.media-amazon.com/images/I/61filNXVMSL._AC_UL320_.jpg,Handheld Microphone for Smartphones| COMICA CVM-HRM-S Cardioid Condenser Interview Microphone for iPhone/iPad Android Phones| Recording Mic for Interview| Report| Presentation| Livestream| and Church,S$98.00,4.4,18
https://m.media-amazon.com/images/I/71bhH-AiYVL._AC_UL320_.jpg,Professional Wired Lavalier Lapel Clip On Microphone for iPhone and Android Smartphone or Camera Omnidirectional Tiny Shirt Mic for Recording with Clip-on Perfect for Vloggers and Bloggers,,,
https://m.media-amazon.com/images/I/613lPViEkmL._AC_UL320_.jpg,Fotowelt WM100 Full Metal 4 Channels UHF Professional Wireless Lavalier Microphone System Compatible for Canon Nikon Sony Panasonic D/SLR Camera|XLR Camcorder & Smartphone (50m-164foot),S$171.25,3.9,55
https://m.media-amazon.com/images/I/71nNneBbisL._AC_UL320_.jpg,Sabrent Lavalier/Lapel Clip-on Omnidirectional Condenser Microphone for iPhone & Android Smartphones or Any Other Mobile Device (AU-SMCR),S$14.99,4.1,1'051
https://m.media-amazon.com/images/I/81y1nK3T6bL._AC_UL320_.jpg,IK Multimedia iRig Mic Lav compact lavalier microphone for smartphones and tablets,S$196.47,4.2,414
https://m.media-amazon.com/images/I/61ufjaWDlvL._AC_UL320_.jpg,PoP voice Professional Lavalier Lapel Microphone Omnidirectional Condenser Mic for iPhone Android Smartphone|Recording Mic for Youtube|Interview|Video,S$34.17,4.2,13'107
https://m.media-amazon.com/images/I/61h+iHr-5KL._AC_UL320_.jpg,IK Multimedia iRig Mic handeld condenser mic for smartphones and tablets,S$184.63,4.1,581
https://m.media-amazon.com/images/I/71Um0AUbp6L._AC_UL320_.jpg,BOYA BY-M1DM Dual Lavalier Universal Microphone with a Single 1/8 Stereo Connector for Smartphones DSLR Camears Camcorders,S$57.36,4,326
https://m.media-amazon.com/images/I/61S10q3MT3L._AC_UL320_.jpg,Wireless Microphone| Mini Omnidirectional Condenser Microphone for Facebook| Tiktok| YouTube| iPad Pro| iPad air| Tablet| Audio Recorders| Video| Smartphone| Podcasting(Saramonic-SmartiMic-UC),,,
https://m.media-amazon.com/images/I/51uOXDyWWAL._AC_UL320_.jpg,Audio Preamp Adapter Comica LINKFlEX AD2 XLR/ 6.35MM Microphone Preamp Amplifier with 48V Phantom Power| Guitar Interface Adapter for iPhone|iPad|Android Smartphone and DSLR Cameras,S$95.46,4.1,70
https://m.media-amazon.com/images/I/61tKB1h13NL._AC_UL320_.jpg,Wireless Lavalier Microphone|2.4G Clip-on Lapel Mic Compatible with iPhone|Android Smartphone|DSLR|PC Computer|Voice Amplifier|PA System|Stage Speakers|for YouTube|Interview|Teaching|Public Speaking,S$91.29,3.7,112
https://m.media-amazon.com/images/I/61AbvB7zYmL._AC_UL320_.jpg,IK Multimedia iRig Voice (pink) karaoke microphone for smartphones and tablets,S$225.43,3.8,87
https://m.media-amazon.com/images/I/71hBjnRE3xL._AC_UL320_.jpg,2.4G Wireless Lavalier Microphone Vlog for DSLR Camera Smartphone| New BOYA Lapel Microphone System for Canon Nikon Camera iOS Android Mobile Audio Recorder YouTube Facebook Live Podcast (K2),,,
https://m.media-amazon.com/images/I/61T0hibp0CS._AC_UL320_.jpg,BOYA Microphones by-M1 Compact Smartphone Camera DSLR Lavalier Microphones for iPhone Android Samsung Sony Nikon (19.7ft),S$20.93,4.2,147
https://m.media-amazon.com/images/I/71IlXrFQ57L._AC_UL320_.jpg,Pixel 100 Channels Metal Wireless Lavalier Microphone with Beltpack Clip Transmitter/Receiver Dual Laple Microphone for DSLR Cameras| iPhone/iPad/Android Smartphones & Camcorders (2TX+1RX),S$430.88,3.8,10
https://m.media-amazon.com/images/I/61qD8XySlyL._AC_UL320_.jpg,Movo Professional Lavalier Lapel Clip-on Interview Podcast Microphone with Secondary Mic and Headphone Monitoring Input for iPhone| iPad| Samsung| Android Smartphones| Tablets - Podcast Equipment,S$52.00,4.3,826
https://m.media-amazon.com/images/I/61BtfIA9+LL._AC_UL320_.jpg,MXL Mics MM130 Handheld Microphone for Smartphones and Tablets,S$125.97,3.8,44
https://m.media-amazon.com/images/I/61lGYh4sGCL._AC_UL320_.jpg,Saramonic SmartrigII XLR Microphone & 6.3mm Guitar Adapter with Phantom Power Preamp Amplifier Compatible with iPhone 12 11 x 8 iPad iPod| Android Smartphone and Guitar,S$63.56,3.5,60
https://m.media-amazon.com/images/I/41yCkt3Rj2L._AC_UL320_.jpg,Azden i-Coustics EX-503i Studio Pro Omni-Directional Lapel Microphone for Smartphones & Tablets,S$77.99,4.2,4
https://m.media-amazon.com/images/I/715i6eNEhlL._AC_UL320_.jpg,BONAOK Karaoke Microphone| Portable Wireless Bluetooth Karaoke Mic System for Car Home Outdoor Party| Karaoke Machine for PC/All Smartphone G50 Black,S$191.06,4.7,339
https://m.media-amazon.com/images/I/71pc90VxCxL._AC_UL320_.jpg,BOYA BY-M1DM Dual Lavalier Microphones| Omnidirectional Condenser Clip-on Lapel Mic for Camera DSLR iPhone Android Smartphone Samsung Huawei Sony Laptop Interview YouTube,S$41.00,4.2,428
https://m.media-amazon.com/images/I/51yqYi0b7YL._AC_UL320_.jpg,Roland GOMIXERPRO Professional-Quality Audio Mixer for Smartphones,S$276.07,4.1,62
https://m.media-amazon.com/images/I/71fh+L-FOqL._AC_UL320_.jpg,Karaoke Microphone| Portable Wireless Bluetooth Karaoke Mic Speaker Machine with Duet Vocal Remover Function Home Party for All Smartphone(Rose Gold),S$49.99,2.5,2
https://m.media-amazon.com/images/I/417MWT08-eL._AC_UL320_.jpg,TOSING V3 Bluetooth Wireless Karaoke Microphone|Portable Handheld Microphone|Karaoke Machine for Home/Outdoor/Party/Car Compatible with Smart Phone/PC/TV (White),,,
https://m.media-amazon.com/images/I/61m9yFjbotL._AC_UL320_.jpg,ChargerCity Claw-X Nonslip Smartphone Beanbag Friction Dashboard Mount for Galaxy S21 S22 i Phone 13 12 11 XR XS Pro MAX OnePlue Google Pixel Moto (All Smartphones up to 4 inch Wide),S$34.06,4.4,1'537
https://m.media-amazon.com/images/I/71ZYEkmn76L._AC_UL320_.jpg,BOYO Vision iKeyFree Pro - Smart Keyless Entry System via Smartphone for Multiple Vehicles (iOS & Android Compatible)| Multicolored,S$152.49,5,1
https://m.media-amazon.com/images/I/710Ajy77AfL._AC_UL320_.jpg,Car Phone Holder Dashboard Cellphone Mount Mobile Clip Stand HUD Non-Slip Cell Phone Holder Design for Smart phone(3.0-6.5inch),S$10.99,2.7,4
https://m.media-amazon.com/images/I/61qD8XySlyL._AC_UL320_.jpg,Movo Professional Lavalier Lapel Clip-on Interview Podcast Microphone with Secondary Mic and Headphone Monitoring Input for iPhone| iPad| Samsung| Android Smartphones| Tablets - Podcast Equipment,S$52.00,4.3,826
https://m.media-amazon.com/images/I/61BtfIA9+LL._AC_UL320_.jpg,MXL Mics MM130 Handheld Microphone for Smartphones and Tablets,S$125.97,3.8,44
https://m.media-amazon.com/images/I/41yCkt3Rj2L._AC_UL320_.jpg,Azden i-Coustics EX-503i Studio Pro Omni-Directional Lapel Microphone for Smartphones & Tablets,S$77.99,4.2,4
https://m.media-amazon.com/images/I/715i6eNEhlL._AC_UL320_.jpg,BONAOK Karaoke Microphone| Portable Wireless Bluetooth Karaoke Mic System for Car Home Outdoor Party| Karaoke Machine for PC/All Smartphone G50 Black,S$191.06,4.7,339
https://m.media-amazon.com/images/I/71fh+L-FOqL._AC_UL320_.jpg,Karaoke Microphone| Portable Wireless Bluetooth Karaoke Mic Speaker Machine with Duet Vocal Remover Function Home Party for All Smartphone(Rose Gold),S$49.99,2.5,2
https://m.media-amazon.com/images/I/71pc90VxCxL._AC_UL320_.jpg,BOYA BY-M1DM Dual Lavalier Microphones| Omnidirectional Condenser Clip-on Lapel Mic for Camera DSLR iPhone Android Smartphone Samsung Huawei Sony Laptop Interview YouTube,S$41.00,4.2,428
https://m.media-amazon.com/images/I/51yqYi0b7YL._AC_UL320_.jpg,Roland GOMIXERPRO Professional-Quality Audio Mixer for Smartphones,S$276.07,4.1,62
https://m.media-amazon.com/images/I/417MWT08-eL._AC_UL320_.jpg,TOSING V3 Bluetooth Wireless Karaoke Microphone|Portable Handheld Microphone|Karaoke Machine for Home/Outdoor/Party/Car Compatible with Smart Phone/PC/TV (White),,,
https://m.media-amazon.com/images/I/51-b2FHCusL._AC_UL320_.jpg,XDesign Air Vent Car Mount Premium Universal Phone Holder Cradle Compatible with iPhone 12 Pro Max 11 Pro iPhone XR SE 2020 8 Plus 7 6s 6 Galaxy S20 S10 S9 Plus|Note 20 10|Pixel|LG & Other Smartphone,S$25.26,4.2,12'055
https://m.media-amazon.com/images/I/51wGwMbTnKL._AC_UL320_.jpg,Unihertz Titan Pocket| Small QWERTY Smartphone Android 11 Unlocked NFC Smart Phone,S$604.56,3.9,91
https://m.media-amazon.com/images/I/81Q3UEJouWL._AC_UL320_.jpg,Samsung Galaxy S22 Ultra 5G Smartphone SM-S908E/DS| 12GB RAM| 512GB ROM| Green,S$1'748.51,4.4,21
https://m.media-amazon.com/images/I/51GfN1aIJfL._AC_UL320_.jpg,Zhumell - 60mm Portable Refractor Telescope - Coated Glass Optics - Ideal Telescope for Beginners - Digiscoping Smartphone Adapter,S$107.67,4.2,167
https://m.media-amazon.com/images/I/81PiWcbBJYL._AC_UL320_.jpg,Samsung Galaxy Z Fold 3 Phone Case with S Pen| Protective Cover| Heavy Duty| Shockproof Smartphone Protector| US Version| Black|EF-FF92PCBEGUS,S$108.23,3.8,627
https://m.media-amazon.com/images/I/51FZY2EihLL._AC_UL320_.jpg,OnePlus 8 5G Dual Sim Smartphone| 12GB RAM| 256GB ROM| Onyx Black (1 Year Warranty),S$999.00,4.6,62
https://m.media-amazon.com/images/I/519tyo4B1YL._AC_UL320_.jpg,"Samsung Galaxy Z Flip F700 Smartphone| 256GB| 8GB RAM| 6.7""| Mirror Purple",S$1'606.61,3.9,20
https://m.media-amazon.com/images/I/61pPYwwgrkS._AC_UL320_.jpg,LENSGO 8” Teleprompter for iPad Tablet Smartphone DSLR Camera w/Remote Control| APP Compatible with iOS & Android System for Online Teaching Vlogger Live Streaming Interview| Fold in One Sec (Black),S$87.66,2.5,8
https://m.media-amazon.com/images/I/41E-qJAVDYL._AC_UL320_.jpg,"Huawei HW-MED-LX9 Y6P Dual Sim Smartphone| 6.3"" LCD Display| 4GB RAM| 64GB ROM| Purple",S$188.00,3.9,3
https://m.media-amazon.com/images/I/812DDJ278nL._AC_UL320_.jpg,Samsung Galaxy S22 Ultra 5G Smartphone SM-S908E/DS| 12GB RAM| 256GB ROM| Burgundy,S$1'508.00,4.4,21
https://m.media-amazon.com/images/I/71J7-UbeoUL._AC_UL320_.jpg,Samsung Galaxy S22 5G Smartphone SM-S901E/DS| 8GB RAM| 256GB ROM| White,S$1'129.00,4.4,21
https://m.media-amazon.com/images/I/71aqNzEqj0L._AC_UL320_.jpg,ONEPLUS AC2001 Nord Dual SIM Smartphone| 8GB RAM| 128GB ROM| Blue Marble,S$477.29,4.3,18'428
https://m.media-amazon.com/images/I/713WXLiMxXL._AC_UL320_.jpg,Profoto 901380 C1 Plus Smartphone Studio Light,S$469.00,4.2,30
https://m.media-amazon.com/images/I/51dypKv6yZL._AC_UL320_.jpg,Xiaomi Redmi Note 11 Smartphone (6GB RAM| 128GB) - Star Blue,,,
https://m.media-amazon.com/images/I/81eIvfvn-vL._AC_UL320_.jpg,Samsung Galaxy S22 Ultra 5G Smartphone SM-S908E/DS| 12GB RAM| 256GB ROM| Black,S$1'508.00,4.4,21
https://m.media-amazon.com/images/I/71dt1g2u4uL._AC_UL320_.jpg,cjc 4G Smartwatch for Kids| Phone Watch with Camera|Answer Call|Pedometer|SOS|GPS|Touch Screen WiFi Wrist Watch Boys Girls Smartphone 3-12 Years Old Children Student Birthday Gifts (Red),S$177.41,4.6,3
https://m.media-amazon.com/images/I/61OVWV7V+0L._AC_UL320_.jpg,Celestron 22030 Travel Scope 80 Portable Telescope with Smartphone Adapter and Backpack| Black,S$261.38,4.2,889
https://m.media-amazon.com/images/I/61WSgUiJUfS._AC_UL320_.jpg,Motorola Defy Rugged Smartphone (6.5” HD+ Display| IP69/IP68| Qualcomm Snapdragon| 48MP Triple Camera System| 5000 mAH Battery| Dual SIM| 4/64GB| Android 10)| Black,S$457.28,3.8,19
https://m.media-amazon.com/images/I/31ZPvUv0qSL._AC_UL320_.jpg,1MORE E1001-GD Triple Driver In-Ear Earphones for Smartphones/PC/Tablet| Gold,S$103.27,4.1,9'747
https://m.media-amazon.com/images/I/71+HR67VEML._AC_UL320_.jpg,Samsung Galaxy S22+ 5G Smartphone SM-S906E/DS| 8GB RAM| 256GB ROM| Pink Gold,S$1'348.00,4.4,21
https://m.media-amazon.com/images/I/61g9eVGE74S._AC_UL320_.jpg,"Black Shark 4 5G Unlocked Smartphone SG Local Warranty 6.67"" AMOLED Gaming Phone|144Hz Refresh Rate| Snapdragon 870|4500mAh|120W Hyper Charging|12GB+256GB|Mirror Black",S$875.00,4,1
https://m.media-amazon.com/images/I/51uEwkqjZTL._AC_UL320_.jpg,OnePlus 8 Glacial Green|​ 5G Unlocked Android Smartphone U.S Version| 8GB RAM+128GB Storage| 90Hz Fluid Display|Triple Camera| with Alexa Built-in|,S$828.97,4.5,1'803
https://m.media-amazon.com/images/I/71Z6qurqspS._AC_UL320_.jpg,Fujifilm Instax Mini Link Smartphone Printer - Ash White,S$138.41,4.8,2'917
https://m.media-amazon.com/images/I/61wnt4E0mQS._AC_UL320_.jpg,"Apple iPhone 12 Pro Smartphone| 6.1"" Display| 6GB RAM| 256GB ROM| iOS 14| Gold",,,
https://m.media-amazon.com/images/I/51FQ+WUjDZL._AC_UL320_.jpg,Xiaomi 11T AMOLED DotDisplay Smartphone| 8GB RAM + 256GB ROM (Celestial Blue),S$593.00,4.4,31
https://m.media-amazon.com/images/I/51QhABPZpFL._AC_UL320_.jpg,Xiaomi Redmi Note 11 Smartphone (6GB RAM| 128GB) - Twilight Blue,S$269.00,5,4
https://m.media-amazon.com/images/I/31Z5wPVPuXL._AC_UL320_.jpg,"Samsung Galaxy Z Flip F700 Smartphone| 256GB| 8GB RAM| 6.7""| Mirror Gold",S$1'765.50,3.9,20
https://m.media-amazon.com/images/I/61U+hQsbuML._AC_UL320_.jpg,Celestron - 70mm Travel Scope DX - Portable Refractor Telescope - Fully-Coated Glass Optics - Ideal Telescope for Beginners - BONUS Astronomy Software Package - Digiscoping Smartphone Adapter,,,
https://m.media-amazon.com/images/I/51ZH926oJUL._AC_UL320_.jpg,LENSGO 318C Wireless Lavalier Microphone| 20 UHF Channel Wireless Lapel Microphone XLR Lav Mic Compatible with iPhone Smartphone Camera Microphone for Streaming Youtube Interview Vlog (Black),S$123.63,3.8,31
https://m.media-amazon.com/images/I/71J8CjBmL-L._AC_UL320_.jpg,Carson MicroFlip 100x-250x LED and UV Lighted Pocket Microscope with Flip Down Slide Base and Smartphone Digiscoping Clip Bundle Included with 24 Prepared Insect and Animal Slides (MP-250BUN),S$149.39,4.1,4'450
https://m.media-amazon.com/images/I/81CzkncwwGL._AC_UL320_.jpg,CardNinja RFID Blocking Ultra-slim Self Adhesive Credit Card Wallet for Smartphones| Black,S$20.94,4.3,1'428
https://m.media-amazon.com/images/I/61ej8RW9jxL._AC_UL320_.jpg,Gosky 4331892981 12X50 High Power Prism Monocular Smartphone Holder and Handheld Tripod Kit,S$104.76,4.2,2'054
https://m.media-amazon.com/images/I/71Q3zJ73OeS._AC_UL320_.jpg,Jabra Speak 510 Speaker Phone – Portable Conference Speaker with USB and Bluetooth – Connect with Laptops| Smartphones and Tablets,S$218.00,4.6,396
https://m.media-amazon.com/images/I/619JByzmgWL._AC_UL320_.jpg,JOBY GripTight ONE GorillaPod Stand: Flexible Tripod and Mount for Smartphones from iPhone SE to iPhone 8 Plus| Google Pixel| Samsung Galaxy S8 and More| Black (JB01491),S$41.35,4.4,4'145
https://m.media-amazon.com/images/I/61DkwU-KXjL._AC_UL320_.jpg,Neewer Cellphone Holder Clip Desktop Tripod Mount with Mini Ball Head Hot Shoe Adapter for 14-inch and 18-inch Ring Light and iPhone| Samsung| Huawei Smartphone Within 1.9-3.9 inches Width,S$19.99,4.5,1'178
https://m.media-amazon.com/images/I/71YvGj855+L._AC_UL320_.jpg,"Xperia 1 III - 5G Smartphone with 120Hz 6.5"" 21:9 4K HDR OLED display with triple camera and four focal lengths- XQBC62/B",,,
https://m.media-amazon.com/images/I/510uNFl2WjL._AC_UL320_.jpg,DJI OM 5 Smartphone Gimbal Stabilizer| 3-Axis Phone Gimbal| Built-In Extension Rod| Portable and Foldable| Android and iPhone Gimbal with ShotGuides|CP.OS.00000160.01|Sunset White,S$219.00,4.3,2'710
https://m.media-amazon.com/images/I/41by+deYXbS._AC_UL320_.jpg,"BOYA BY M1 Lavalier Microphone for Smartphones Canon Nikon DSLR Cameras Camcorders Audio Recorder PC Black 4 x 4 x 1.2""",S$36.73,4.3,2'763
https://m.media-amazon.com/images/I/51BogW8rIxL._AC_UL320_.jpg,Unihertz Titan 6GB+128GB| Rugged QWERTY Smartphone| Android 10 Unlocked Smart Phone| Black,S$605.15,4,430
https://m.media-amazon.com/images/I/51Wknd-lsQS._AC_UL320_.jpg,Sinjimoru Universal Magnet Sticker for All Smartphones & iPhone Series| Strong Magnetic Stickers Compatible with MagSafe Accessories and Qi Wireless Charger. M-Plate Black,S$19.73,4.3,215
https://m.media-amazon.com/images/I/61Vcffjfu5L._AC_UL320_.jpg,Eton| American Red Cross FRX3+ Emergency NOAA Weather Radio,S$69.32,4.5,3'037
https://m.media-amazon.com/images/I/81RVkgNJ8SL._AC_UL320_.jpg,"SAMSUNG SM-G991BZVGXSP Galaxy S21 5G Smartphone| 6.2"" AMOLED| 8GB RAM| 256GB ROM| Android 10 OS| Phantom Violet",S$899.00,4,1
https://m.media-amazon.com/images/I/61tyIG+b4+L._AC_UL320_.jpg,Neewer Smartphone Holder Vertical Bracket with 1/4-inch Tripod Mount - Phone Clip Tripod Adapter Compatible with iPhone 12/11 Pro Max/X/XR| Galaxy S20+/S20| Huawei P40 Pro and Other Phones (Black),S$13.49,4.6,3'758
https://m.media-amazon.com/images/I/81eIvfvn-vL._AC_UL320_.jpg,Samsung Galaxy S22 Ultra 5G Smartphone SM-S908E/DS| 12GB RAM| 512GB ROM| Black,S$1'750.00,4.4,21
https://m.media-amazon.com/images/I/61whSjsFjoS._AC_UL320_.jpg,DJI OM 4 - Handheld 3-Axis Smartphone Gimbal Stabilizer with Grip Tripod Vlog YouTube Live Video for iPhone Android,S$189.12,5,5
https://m.media-amazon.com/images/I/81qPZCuRYJL._AC_UL320_.jpg,Samsung Galaxy S22 Ultra 5G Smartphone SM-S908E/DS| 12GB RAM| 512GB ROM| White,S$1'822.00,4.4,21
https://m.media-amazon.com/images/I/41-W3kIz-BL._AC_UL320_.jpg,[2019] OUKITEL C11 Pro phone| UK free SIM card 4G Android 8.1 smartphone-5.5 inches| quad-core 1.5GHz 3GB + 16GB| triple camera 8MP + 2MP + 2MP| fingerprint/GPS| 3400mAh battery,S$116.00,3.6,8
https://m.media-amazon.com/images/I/51e3KdrHuCL._AC_UL320_.jpg,Xiaomi Redmi Note 11 Smartphone (6GB RAM| 128GB) - Graphite Gray,S$269.00,4.6,106
https://m.media-amazon.com/images/I/812DDJ278nL._AC_UL320_.jpg,Samsung Galaxy S22 Ultra 5G Smartphone SM-S908E/DS| 12GB RAM| 512GB ROM| Burgundy,S$1'820.00,4.4,21
https://m.media-amazon.com/images/I/81M5KXgJcpL._AC_UL320_.jpg,Samsung Galaxy S22 5G Smartphone SM-S901E/DS| 8GB RAM| 256GB ROM| Black,S$1'078.00,4.4,21
https://m.media-amazon.com/images/I/61EpoJQ8-CL._AC_UL320_.jpg,UGREEN Cell Phone Stand Adjustable Aluminum Mobile Phone Holder for Desk Compatible for iPhone 13 Pro Max 12 11 X SE XS XR 8 Plus 6 7 6S| Samsung Galaxy Note20 S20 S10 S9 S8 S7 Smartphone Foldable,S$15.67,4.8,5'478
https://m.media-amazon.com/images/I/61dcWgQnk3L._AC_UL320_.jpg,Xiaomi Redmi 10 FHD+ DotDisplay Smartphone| 6GB RAM + 128GB ROM (Sea Blue),S$284.75,4.5,47
https://m.media-amazon.com/images/I/71SO7IGCysL._AC_UL320_.jpg,CUBOT R11-5.5 inch HD+ (18:9 ratio) Android 8.1 Smartphone| 1.3GHz Quad Core 2GB RAM 16GB ROM| Triple cameras (8MP+2MP+13MP)| 2800mAh battery,S$89.00,3.4,9
https://m.media-amazon.com/images/I/61-T6KTXOKL._AC_UL320_.jpg,Parrot Teleprompter 2 Portable Teleprompter for Smartphone,S$153.64,4.4,171
https://m.media-amazon.com/images/I/51wGwMbTnKL._AC_UL320_.jpg,Unihertz Titan Pocket| Small QWERTY Smartphone Android 11 Unlocked NFC Smart Phone,S$604.56,3.9,91
https://m.media-amazon.com/images/I/81Q3UEJouWL._AC_UL320_.jpg,Samsung Galaxy S22 Ultra 5G Smartphone SM-S908E/DS| 12GB RAM| 512GB ROM| Green,S$1'748.51,4.4,21
https://m.media-amazon.com/images/I/51GfN1aIJfL._AC_UL320_.jpg,Zhumell - 60mm Portable Refractor Telescope - Coated Glass Optics - Ideal Telescope for Beginners - Digiscoping Smartphone Adapter,S$107.67,4.2,167
https://m.media-amazon.com/images/I/81PiWcbBJYL._AC_UL320_.jpg,Samsung Galaxy Z Fold 3 Phone Case with S Pen| Protective Cover| Heavy Duty| Shockproof Smartphone Protector| US Version| Black|EF-FF92PCBEGUS,S$108.23,3.8,627
https://m.media-amazon.com/images/I/51FZY2EihLL._AC_UL320_.jpg,OnePlus 8 5G Dual Sim Smartphone| 12GB RAM| 256GB ROM| Onyx Black (1 Year Warranty),S$999.00,4.6,62
https://m.media-amazon.com/images/I/519tyo4B1YL._AC_UL320_.jpg,"Samsung Galaxy Z Flip F700 Smartphone| 256GB| 8GB RAM| 6.7""| Mirror Purple",S$1'606.61,3.9,20
https://m.media-amazon.com/images/I/61pPYwwgrkS._AC_UL320_.jpg,LENSGO 8” Teleprompter for iPad Tablet Smartphone DSLR Camera w/Remote Control| APP Compatible with iOS & Android System for Online Teaching Vlogger Live Streaming Interview| Fold in One Sec (Black),S$87.66,2.5,8
https://m.media-amazon.com/images/I/41E-qJAVDYL._AC_UL320_.jpg,"Huawei HW-MED-LX9 Y6P Dual Sim Smartphone| 6.3"" LCD Display| 4GB RAM| 64GB ROM| Purple",S$188.00,3.9,3
https://m.media-amazon.com/images/I/515R33sQ2MS._AC_UL320_.jpg,Logitech H800 Bluetooth Wireless Headset with Mic for PC| Tablets and Smartphones,,,
https://m.media-amazon.com/images/I/812DDJ278nL._AC_UL320_.jpg,Samsung Galaxy S22 Ultra 5G Smartphone SM-S908E/DS| 12GB RAM| 256GB ROM| Burgundy,S$1'508.00,4.4,21
https://m.media-amazon.com/images/I/71J7-UbeoUL._AC_UL320_.jpg,Samsung Galaxy S22 5G Smartphone SM-S901E/DS| 8GB RAM| 256GB ROM| White,S$1'129.00,4.4,21
https://m.media-amazon.com/images/I/613PUNfXrmL._AC_UL320_.jpg,UMIDIGI Singapore Local Set| Full Screen Unlocked Smartphone| 5150mAh Battery Android Phone with Dual SIM (Global 4G LTE) Android 11 (A11 Pro Max 8+128G| Frost Grey),S$399.00,4,58
https://m.media-amazon.com/images/I/71aqNzEqj0L._AC_UL320_.jpg,ONEPLUS AC2001 Nord Dual SIM Smartphone| 8GB RAM| 128GB ROM| Blue Marble,S$477.29,4.3,18'428
https://m.media-amazon.com/images/I/713WXLiMxXL._AC_UL320_.jpg,Profoto 901380 C1 Plus Smartphone Studio Light,S$469.00,4.2,30
https://m.media-amazon.com/images/I/51dypKv6yZL._AC_UL320_.jpg,Xiaomi Redmi Note 11 Smartphone (6GB RAM| 128GB) - Star Blue,,,
https://m.media-amazon.com/images/I/81ikLskZfJL._AC_UL320_.jpg,Samsung A53 5G Smartphone SM-A536EZWHXSP| 8GB RAM| 256GB| White,S$658.00,3.7,3
https://m.media-amazon.com/images/I/81eIvfvn-vL._AC_UL320_.jpg,Samsung Galaxy S22 Ultra 5G Smartphone SM-S908E/DS| 12GB RAM| 256GB ROM| Black,S$1'508.00,4.4,21
https://m.media-amazon.com/images/I/71dt1g2u4uL._AC_UL320_.jpg,cjc 4G Smartwatch for Kids| Phone Watch with Camera|Answer Call|Pedometer|SOS|GPS|Touch Screen WiFi Wrist Watch Boys Girls Smartphone 3-12 Years Old Children Student Birthday Gifts (Red),S$177.41,4.6,3
https://m.media-amazon.com/images/I/61OVWV7V+0L._AC_UL320_.jpg,Celestron 22030 Travel Scope 80 Portable Telescope with Smartphone Adapter and Backpack| Black,S$261.38,4.2,889
https://m.media-amazon.com/images/I/61WSgUiJUfS._AC_UL320_.jpg,Motorola Defy Rugged Smartphone (6.5” HD+ Display| IP69/IP68| Qualcomm Snapdragon| 48MP Triple Camera System| 5000 mAH Battery| Dual SIM| 4/64GB| Android 10)| Black,S$457.28,3.8,19
https://m.media-amazon.com/images/I/31ZPvUv0qSL._AC_UL320_.jpg,1MORE E1001-GD Triple Driver In-Ear Earphones for Smartphones/PC/Tablet| Gold,S$103.27,4.1,9'747
https://m.media-amazon.com/images/I/71+HR67VEML._AC_UL320_.jpg,Samsung Galaxy S22+ 5G Smartphone SM-S906E/DS| 8GB RAM| 256GB ROM| Pink Gold,S$1'348.00,4.4,21
https://m.media-amazon.com/images/I/61g9eVGE74S._AC_UL320_.jpg,"Black Shark 4 5G Unlocked Smartphone SG Local Warranty 6.67"" AMOLED Gaming Phone|144Hz Refresh Rate| Snapdragon 870|4500mAh|120W Hyper Charging|12GB+256GB|Mirror Black",S$875.00,4,1
https://m.media-amazon.com/images/I/51uEwkqjZTL._AC_UL320_.jpg,OnePlus 8 Glacial Green|​ 5G Unlocked Android Smartphone U.S Version| 8GB RAM+128GB Storage| 90Hz Fluid Display|Triple Camera| with Alexa Built-in|,S$828.97,4.5,1'803
https://m.media-amazon.com/images/I/71D0nFVsjXL._AC_UL320_.jpg,"UMIDIGI Bison X10 Rugged Unlocked Smartphones|4G+64GB Android 11 IP68/IP69K Waterproof Shockproof Phone Helio P60 20MP Camera 6.53"" FHD+ 6150mAh|Storm Gray",S$333.00,3.9,53
https://m.media-amazon.com/images/I/71Z6qurqspS._AC_UL320_.jpg,Fujifilm Instax Mini Link Smartphone Printer - Ash White,S$138.41,4.8,2'917
https://m.media-amazon.com/images/I/61wnt4E0mQS._AC_UL320_.jpg,"Apple iPhone 12 Pro Smartphone| 6.1"" Display| 6GB RAM| 256GB ROM| iOS 14| Gold",,,
https://m.media-amazon.com/images/I/51FQ+WUjDZL._AC_UL320_.jpg,Xiaomi 11T AMOLED DotDisplay Smartphone| 8GB RAM + 256GB ROM (Celestial Blue),S$593.00,4.4,31
https://m.media-amazon.com/images/I/51QhABPZpFL._AC_UL320_.jpg,Xiaomi Redmi Note 11 Smartphone (6GB RAM| 128GB) - Twilight Blue,S$269.00,5,4
https://m.media-amazon.com/images/I/31Z5wPVPuXL._AC_UL320_.jpg,"Samsung Galaxy Z Flip F700 Smartphone| 256GB| 8GB RAM| 6.7""| Mirror Gold",S$1'765.50,3.9,20
https://m.media-amazon.com/images/I/61U+hQsbuML._AC_UL320_.jpg,Celestron - 70mm Travel Scope DX - Portable Refractor Telescope - Fully-Coated Glass Optics - Ideal Telescope for Beginners - BONUS Astronomy Software Package - Digiscoping Smartphone Adapter,,,
https://m.media-amazon.com/images/I/51ZH926oJUL._AC_UL320_.jpg,LENSGO 318C Wireless Lavalier Microphone| 20 UHF Channel Wireless Lapel Microphone XLR Lav Mic Compatible with iPhone Smartphone Camera Microphone for Streaming Youtube Interview Vlog (Black),S$123.63,3.8,31
https://m.media-amazon.com/images/I/71J8CjBmL-L._AC_UL320_.jpg,Carson MicroFlip 100x-250x LED and UV Lighted Pocket Microscope with Flip Down Slide Base and Smartphone Digiscoping Clip Bundle Included with 24 Prepared Insect and Animal Slides (MP-250BUN),S$149.39,4.1,4'450
https://m.media-amazon.com/images/I/81CzkncwwGL._AC_UL320_.jpg,CardNinja RFID Blocking Ultra-slim Self Adhesive Credit Card Wallet for Smartphones| Black,S$20.94,4.3,1'428
https://m.media-amazon.com/images/I/61ej8RW9jxL._AC_UL320_.jpg,Gosky 4331892981 12X50 High Power Prism Monocular Smartphone Holder and Handheld Tripod Kit,S$104.76,4.2,2'054
https://m.media-amazon.com/images/I/71Q3zJ73OeS._AC_UL320_.jpg,Jabra Speak 510 Speaker Phone – Portable Conference Speaker with USB and Bluetooth – Connect with Laptops| Smartphones and Tablets,S$218.00,4.6,396
https://m.media-amazon.com/images/I/619JByzmgWL._AC_UL320_.jpg,JOBY GripTight ONE GorillaPod Stand: Flexible Tripod and Mount for Smartphones from iPhone SE to iPhone 8 Plus| Google Pixel| Samsung Galaxy S8 and More| Black (JB01491),S$41.35,4.4,4'145
https://m.media-amazon.com/images/I/61DkwU-KXjL._AC_UL320_.jpg,Neewer Cellphone Holder Clip Desktop Tripod Mount with Mini Ball Head Hot Shoe Adapter for 14-inch and 18-inch Ring Light and iPhone| Samsung| Huawei Smartphone Within 1.9-3.9 inches Width,S$19.99,4.5,1'178
https://m.media-amazon.com/images/I/71YvGj855+L._AC_UL320_.jpg,"Xperia 1 III - 5G Smartphone with 120Hz 6.5"" 21:9 4K HDR OLED display with triple camera and four focal lengths- XQBC62/B",,,
https://m.media-amazon.com/images/I/510uNFl2WjL._AC_UL320_.jpg,DJI OM 5 Smartphone Gimbal Stabilizer| 3-Axis Phone Gimbal| Built-In Extension Rod| Portable and Foldable| Android and iPhone Gimbal with ShotGuides|CP.OS.00000160.01|Sunset White,S$219.00,4.3,2'710
https://m.media-amazon.com/images/I/41by+deYXbS._AC_UL320_.jpg,"BOYA BY M1 Lavalier Microphone for Smartphones Canon Nikon DSLR Cameras Camcorders Audio Recorder PC Black 4 x 4 x 1.2""",S$36.73,4.3,2'763
https://m.media-amazon.com/images/I/51BogW8rIxL._AC_UL320_.jpg,Unihertz Titan 6GB+128GB| Rugged QWERTY Smartphone| Android 10 Unlocked Smart Phone| Black,S$605.15,4,430
https://m.media-amazon.com/images/I/51Wknd-lsQS._AC_UL320_.jpg,Sinjimoru Universal Magnet Sticker for All Smartphones & iPhone Series| Strong Magnetic Stickers Compatible with MagSafe Accessories and Qi Wireless Charger. M-Plate Black,S$19.73,4.3,215
https://m.media-amazon.com/images/I/61qZX0L00JL._AC_UL320_.jpg,Audio-Technica ATH-CKR30iS BK In Ear Headphones For Smartphone| Black,S$48.00,4,2
https://m.media-amazon.com/images/I/71Y1HR13OtL._AC_UL320_.jpg,Audio-Technica ATH-CKR30iS BL In Ear Headphones For Smartphone| Blue,S$48.00,3.6,10
https://m.media-amazon.com/images/I/61W2DZadEeL._AC_UL320_.jpg,Nanmara Car Mount for iPad Tablet & Smartphone Clip Holder for Sun Visor,S$26.90,3.8,230
https://m.media-amazon.com/images/I/61fl+k9O-FL._AC_UL320_.jpg,Logitech Bluetooth Multi-Device Keyboard K480 for Computers| Tablets and Smartphones| Black,S$47.50,4.4,13'714
https://m.media-amazon.com/images/I/61WpGKzDXnL._AC_UL320_.jpg,Smartphone Microphone with Mini Tripod|Comica CVM-VM10-K2 PRO Video Shotgun Mic for iPhone and Android Phones| Vlogging Kit for YouTube Recording Facebook Live|Filmmaker Accessories,S$82.33,4,70
https://m.media-amazon.com/images/I/71VNm2r25ZL._AC_UL320_.jpg,Lexar PLAY 128GB microSDXC UHS-I-Card| Up To 150MB/s Read| Compatible-with Nintendo-Switch| Portable Gaming Devices| Smartphones and Tablets (LMSPLAY128G-BNNNU),S$23.00,4.7,647
https://m.media-amazon.com/images/I/31U3Tx3D5uL._AC_UL320_.jpg,"Huawei HW-JNY-LX2 Nova 7I Dual Sim Smartphone| 6.4"" LCD Display| 8GB RAM| 128GB ROM| Grey",S$388.00,3.9,4
https://m.media-amazon.com/images/I/613fTMA-RZL._AC_UL320_.jpg,Smartphone Video Rig ULANZI U200 Camera Video Rig Phone Video Stabilizer LED Ring Light Selfie Light for Smartphone| Camera| Gopro| YouTube|Vlogging| Filmmaking| Makeup,S$115.89,4.3,37
https://m.media-amazon.com/images/I/61Pl5HPg5yS._AC_UL320_.jpg,Wireless Lavalier Microphone System| LENSGO LWM-328C 99-Channel UHF Professional Omnidirectional Wireless Lapel Mic 2 Transmitter & 1 Receiver for Camera PC Smartphone Camcorder Recorder Interview,S$343.69,4.7,8
